sku,store,name,brand,unit,pack_size,price,stock,description
bebidas-0001,bebidas,Refresco Cola Regular 355ml,Coca-Cola,caja,24.0,380.0,45,Refresco de cola en lata 355ml caja de 24 piezas. Soda fria para servicio en mesa y venta individual.
bebidas-0002,bebidas,Refresco Cola Sin Azucar 355ml,Coca-Cola,caja,24.0,390.0,30,Refresco de cola zero sin azucar lata 355ml pack 24. Opcion light para comensales y refresco embotellado.
bebidas-0003,bebidas,Refresco Sabor Manzana 355ml,Manzana Lift,caja,24.0,360.0,2,Refresco sabor manzana en lata 355ml caja 24 pzas. Chesco dulce para taquerias y loncherias.
bebidas-0004,bebidas,Refresco Toronja 355ml,Squirt,caja,24.0,370.0,40,Refresco sabor toronja lata 355ml caja de 24. Ideal para preparar palomas con tequila o micheladas.
bebidas-0005,bebidas,Agua Mineral con Gas 355ml,Penafiel,caja,24.0,340.0,35,Agua mineral de manantial gasificada en lata 355ml. Sifoncito mineral para mezclas y cocteleria.
bebidas-0006,bebidas,Agua Mineral 600ml,Topochico,caja,24.0,420.0,25,Agua mineral de vidrio 600ml caja 24 botellas. Agua gasificada premium para mesa de restaurante.
bebidas-0007,bebidas,Agua Purificada sin Gas 500ml,Ciel,caja,24.0,210.0,60,Agua embotellada natural sin gas pet 500ml paquete 24 piezas. Agua pura para hidratacion de clientes.
bebidas-0008,bebidas,Agua Purificada Garrafon 20L,Bonafont,pieza,20.0,55.0,50,Garrafon de agua purificada ligera 20 litros. Agua en bidon para consumo de cocina y cafetera.
bebidas-0009,bebidas,Cerveza Clara Lager 355ml,Corona Extra,caja,24.0,480.0,55,Cerveza clara tipo lager botella 355ml cartocito de 24 chelas. Cerveza mexicana para maridaje.
bebidas-0010,bebidas,Cerveza Ambar Viena 355ml,Victoria,caja,24.0,490.0,3,Cerveza ambar de barril en botella 355ml caja 24. La chela viena tradicional para tacos y garnachas.
bebidas-0011,bebidas,Cerveza Oscura Negra 355ml,Modelo Especial,caja,24.0,510.0,28,Cerveza oscura tipo munich lata 355ml caja 24. Cerveza negra para cortes de carne y asador.
bebidas-0012,bebidas,Jugo de Naranja Natural 1L,Jumex,pieza,1.0,38.0,40,Jugo pasteurizado sabor naranja tetra pak 1 litro. Zumo citrico para desayunos buffet y cocteleria.
bebidas-0013,bebidas,Jugo de Manzana 1L,Del Valle,pieza,1.0,36.0,35,Jugo dulce de manzana 1L tetra brik. Nectar de fruta para barra infantil y desayunos.
bebidas-0014,bebidas,Jugo de Tomate y Almeja 946ml,Clamato,pieza,0.95,65.0,50,Jugo de tomate sazonado clamato 946ml. Mezclador indispensable para micheladas cubanas y mariscos.
bebidas-0015,bebidas,Salsa Inglesa Preparada 1L,Crosse & Blackwell,litro,1.0,110.0,20,Salsa tipo inglesa liquida botella de 1 litro. Sazonador liquido para barra de bar y micheladas.
bebidas-0016,bebidas,Salsa Jugo Sazonador 1L,Maggi,litro,1.0,135.0,22,Jugo sazonador concentrado 1 litro. Salsa de soya y condimento para bebidas preparadas y carnes.
bebidas-0017,bebidas,Jarabe Natural Liquido 1L,Monin,litro,1.0,180.0,15,Jarabe natural de azucar de cana botella 1L. Almibar simple para cocteles clericot y limonadas.
bebidas-0018,bebidas,Jarabe de Granadina 1L,Madrileña,litro,1.0,145.0,18,Jarabe sabor granadina roja 1 litro. Endulzante con color para tequila sunrise y sodas italianas.
bebidas-0019,bebidas,Vino Tinto de Mesa 750ml,L.A. Cetto,pieza,0.75,165.0,24,Vino tinto cabernet sauvignon valle de guadalupe 750ml. Vino de la casa para copeo y maridaje de carne.
bebidas-0020,bebidas,Vino Blanco de Mesa 750ml,Concha y Toro,pieza,0.75,140.0,2,Vino blanco sauvignon blanc 750ml. Vino fresco seco para copeo pastas y pescados.
bebidas-0021,bebidas,Tequila Reposado 1L,Jose Cuervo,litro,1.0,320.0,30,Tequila reposado 100% agave botella de 1 litro. Destilado de agave para margaritas y copeo en barra.
bebidas-0022,bebidas,Mezcal Espadin Artesanal 750ml,400 Conejos,pieza,0.75,580.0,16,Mezcal artesanal joven espadin oaxaca 750ml. Destilado ahumado para cocteleria de autor y sal de gusano.
bebidas-0023,bebidas,Ron Blanco Carta Blanca 1L,Bacardi,litro,1.0,250.0,25,Ron blanco tradicional botella 1 litro. Licor de cana para cubas mojitos y cocteles tropicales.
bebidas-0024,bebidas,Vodka Clasico 1L,Absolut,litro,1.0,360.0,20,Vodka destilado de trigo 1 litro. Destilado neutro premium para martinis rusos y combinados.
bebidas-0025,bebidas,Leche Entera Ultrapasteurizada 1L,Lala,caja,12.0,310.0,40,Leche entera caja con 12 litros tetra pak. Leche de vaca para espumar en cafetera y malteadas.
bebidas-0026,bebidas,Leche Deslactosada 1L,Santa Clara,caja,12.0,340.0,30,Leche deslactosada caja 12 piezas de 1 litro. Leche de facil digestion para cafe capuchino y lattes.
bebidas-0027,bebidas,Leche de Almendra sin Azucar 1L,Silk,caja,8.0,360.0,15,Bebida vegetal de almendra sin endulzar caja 8 litros. Alternativa vegana para baristas y cafeteria.
bebidas-0028,bebidas,Te Negro en Sobres Caja 100,Twinings,caja,100.0,220.0,20,Te negro english breakfast caja con 100 bolsitas. Infusion herbal caliente para servicio de salon.
bebidas-0029,bebidas,Te Verde con Menta Caja 100,McCormick,caja,100.0,175.0,22,Te verde con menta sobrecitos individuales caja 100 piezas. Infusion digestiva antioxidante.
bebidas-0030,bebidas,Concentrado de Horchata 5L,Tucan,pieza,5.0,290.0,18,Jarabe concentrado para agua fresca de horchata garrafa 5L. Rinde 25 litros agua de arroz dulce.
bebidas-0031,bebidas,Concentrado de Jamaica 5L,Tucan,pieza,5.0,295.0,20,Jarabe base flor de jamaica garrafa 5L. Concentrado de jamaica acidita para vitrolero de taqueria.
bebidas-0032,bebidas,Refresco Sabor Naranja 355ml,Fanta,caja,24.0,360.0,35,Refresco frutal sabor naranja lata 355ml paquete 24 piezas. Gaseosa naranja para combos de comida rapida.
bebidas-0033,bebidas,Refresco Cola Regular 355ml Presentacion Mayoreo,Penafiel,caja,48.0,703.0,15,Refresco de cola en lata 355ml caja de 24 piezas. Soda fria para servicio en mesa y venta individual. Formato institucional mayoreo para alto volumen.
bebidas-0034,bebidas,Refresco Cola Sin Azucar 355ml Presentacion Mayoreo,Jarritos,caja,48.0,721.5,22,Refresco de cola zero sin azucar lata 355ml pack 24. Opcion light para comensales y refresco embotellado. Formato institucional mayoreo para alto volumen.
bebidas-0035,bebidas,Refresco Sabor Manzana 355ml Presentacion Mayoreo,Del Valle,caja,48.0,666.0,29,Refresco sabor manzana en lata 355ml caja 24 pzas. Chesco dulce para taquerias y loncherias. Formato institucional mayoreo para alto volumen.
bebidas-0036,bebidas,Refresco Toronja 355ml Presentacion Mayoreo,Tucan,caja,48.0,684.5,36,Refresco sabor toronja lata 355ml caja de 24. Ideal para preparar palomas con tequila o micheladas. Formato institucional mayoreo para alto volumen.
bebidas-0037,bebidas,Agua Mineral con Gas 355ml Presentacion Mayoreo,Ciel,caja,48.0,629.0,43,Agua mineral de manantial gasificada en lata 355ml. Sifoncito mineral para mezclas y cocteleria. Formato institucional mayoreo para alto volumen.
bebidas-0038,bebidas,Agua Mineral 600ml Presentacion Mayoreo,Bonafont,caja,48.0,777.0,50,Agua mineral de vidrio 600ml caja 24 botellas. Agua gasificada premium para mesa de restaurante. Formato institucional mayoreo para alto volumen.
bebidas-0039,bebidas,Agua Purificada sin Gas 500ml Presentacion Mayoreo,Penafiel,caja,48.0,388.5,57,Agua embotellada natural sin gas pet 500ml paquete 24 piezas. Agua pura para hidratacion de clientes. Formato institucional mayoreo para alto volumen.
bebidas-0040,bebidas,Agua Purificada Garrafon 20L Presentacion Mayoreo,Jarritos,pieza,40.0,101.75,64,Garrafon de agua purificada ligera 20 litros. Agua en bidon para consumo de cocina y cafetera. Formato institucional mayoreo para alto volumen.
bebidas-0041,bebidas,Cerveza Clara Lager 355ml Presentacion Mayoreo,Del Valle,caja,48.0,888.0,71,Cerveza clara tipo lager botella 355ml cartocito de 24 chelas. Cerveza mexicana para maridaje. Formato institucional mayoreo para alto volumen.
bebidas-0042,bebidas,Cerveza Ambar Viena 355ml Presentacion Mayoreo,Tucan,caja,48.0,906.5,78,Cerveza ambar de barril en botella 355ml caja 24. La chela viena tradicional para tacos y garnachas. Formato institucional mayoreo para alto volumen.
bebidas-0043,bebidas,Cerveza Oscura Negra 355ml Presentacion Mayoreo,Ciel,caja,48.0,943.5,20,Cerveza oscura tipo munich lata 355ml caja 24. Cerveza negra para cortes de carne y asador. Formato institucional mayoreo para alto volumen.
bebidas-0044,bebidas,Jugo de Naranja Natural 1L Presentacion Mayoreo,Bonafont,pieza,2.0,70.3,27,Jugo pasteurizado sabor naranja tetra pak 1 litro. Zumo citrico para desayunos buffet y cocteleria. Formato institucional mayoreo para alto volumen.
bebidas-0045,bebidas,Jugo de Manzana 1L Presentacion Mayoreo,Penafiel,pieza,2.0,66.6,34,Jugo dulce de manzana 1L tetra brik. Nectar de fruta para barra infantil y desayunos. Formato institucional mayoreo para alto volumen.
bebidas-0046,bebidas,Jugo de Tomate y Almeja 946ml Presentacion Mayoreo,Jarritos,pieza,1.9,120.25,41,Jugo de tomate sazonado clamato 946ml. Mezclador indispensable para micheladas cubanas y mariscos. Formato institucional mayoreo para alto volumen.
bebidas-0047,bebidas,Salsa Inglesa Preparada 1L Presentacion Mayoreo,Del Valle,litro,2.0,203.5,48,Salsa tipo inglesa liquida botella de 1 litro. Sazonador liquido para barra de bar y micheladas. Formato institucional mayoreo para alto volumen.
bebidas-0048,bebidas,Salsa Jugo Sazonador 1L Presentacion Mayoreo,Tucan,litro,2.0,249.75,55,Jugo sazonador concentrado 1 litro. Salsa de soya y condimento para bebidas preparadas y carnes. Formato institucional mayoreo para alto volumen.
bebidas-0049,bebidas,Jarabe Natural Liquido 1L Presentacion Mayoreo,Ciel,litro,2.0,333.0,62,Jarabe natural de azucar de cana botella 1L. Almibar simple para cocteles clericot y limonadas. Formato institucional mayoreo para alto volumen.
bebidas-0050,bebidas,Jarabe de Granadina 1L Presentacion Mayoreo,Bonafont,litro,2.0,268.25,69,Jarabe sabor granadina roja 1 litro. Endulzante con color para tequila sunrise y sodas italianas. Formato institucional mayoreo para alto volumen.
bebidas-0051,bebidas,Vino Tinto de Mesa 750ml Presentacion Mayoreo,Penafiel,pieza,1.5,305.25,76,Vino tinto cabernet sauvignon valle de guadalupe 750ml. Vino de la casa para copeo y maridaje de carne. Formato institucional mayoreo para alto volumen.
bebidas-0052,bebidas,Vino Blanco de Mesa 750ml Presentacion Mayoreo,Jarritos,pieza,1.5,259.0,18,Vino blanco sauvignon blanc 750ml. Vino fresco seco para copeo pastas y pescados. Formato institucional mayoreo para alto volumen.
bebidas-0053,bebidas,Tequila Reposado 1L Presentacion Mayoreo,Del Valle,litro,2.0,592.0,25,Tequila reposado 100% agave botella de 1 litro. Destilado de agave para margaritas y copeo en barra. Formato institucional mayoreo para alto volumen.
bebidas-0054,bebidas,Mezcal Espadin Artesanal 750ml Presentacion Mayoreo,Tucan,pieza,1.5,1073.0,32,Mezcal artesanal joven espadin oaxaca 750ml. Destilado ahumado para cocteleria de autor y sal de gusano. Formato institucional mayoreo para alto volumen.
bebidas-0055,bebidas,Ron Blanco Carta Blanca 1L Presentacion Mayoreo,Ciel,litro,2.0,462.5,1,Ron blanco tradicional botella 1 litro. Licor de cana para cubas mojitos y cocteles tropicales. Formato institucional mayoreo para alto volumen.
bebidas-0056,bebidas,Vodka Clasico 1L Presentacion Mayoreo,Bonafont,litro,2.0,666.0,46,Vodka destilado de trigo 1 litro. Destilado neutro premium para martinis rusos y combinados. Formato institucional mayoreo para alto volumen.
bebidas-0057,bebidas,Leche Entera Ultrapasteurizada 1L Presentacion Mayoreo,Penafiel,caja,24.0,573.5,53,Leche entera caja con 12 litros tetra pak. Leche de vaca para espumar en cafetera y malteadas. Formato institucional mayoreo para alto volumen.
bebidas-0058,bebidas,Leche Deslactosada 1L Presentacion Mayoreo,Jarritos,caja,24.0,629.0,60,Leche deslactosada caja 12 piezas de 1 litro. Leche de facil digestion para cafe capuchino y lattes. Formato institucional mayoreo para alto volumen.
bebidas-0059,bebidas,Leche de Almendra sin Azucar 1L Presentacion Mayoreo,Del Valle,caja,16.0,666.0,67,Bebida vegetal de almendra sin endulzar caja 8 litros. Alternativa vegana para baristas y cafeteria. Formato institucional mayoreo para alto volumen.
bebidas-0060,bebidas,Te Negro en Sobres Caja 100 Presentacion Mayoreo,Tucan,caja,200.0,407.0,74,Te negro english breakfast caja con 100 bolsitas. Infusion herbal caliente para servicio de salon. Formato institucional mayoreo para alto volumen.
bebidas-0061,bebidas,Te Verde con Menta Caja 100 Presentacion Mayoreo,Ciel,caja,200.0,323.75,16,Te verde con menta sobrecitos individuales caja 100 piezas. Infusion digestiva antioxidante. Formato institucional mayoreo para alto volumen.
bebidas-0062,bebidas,Concentrado de Horchata 5L Presentacion Mayoreo,Bonafont,pieza,10.0,536.5,23,Jarabe concentrado para agua fresca de horchata garrafa 5L. Rinde 25 litros agua de arroz dulce. Formato institucional mayoreo para alto volumen.
bebidas-0063,bebidas,Concentrado de Jamaica 5L Presentacion Mayoreo,Penafiel,pieza,10.0,545.75,30,Jarabe base flor de jamaica garrafa 5L. Concentrado de jamaica acidita para vitrolero de taqueria. Formato institucional mayoreo para alto volumen.
bebidas-0064,bebidas,Refresco Sabor Naranja 355ml Presentacion Mayoreo,Jarritos,caja,48.0,666.0,37,Refresco frutal sabor naranja lata 355ml paquete 24 piezas. Gaseosa naranja para combos de comida rapida. Formato institucional mayoreo para alto volumen.
bebidas-0065,bebidas,Refresco Cola Regular 355ml Presentacion Compacta,Del Valle,caja,12.0,209.0,44,Refresco de cola en lata 355ml caja de 24 piezas. Soda fria para servicio en mesa y venta individual. Presentacion chica economica ideal para consumo medido.
bebidas-0066,bebidas,Refresco Cola Sin Azucar 355ml Presentacion Compacta,Tucan,caja,12.0,214.5,51,Refresco de cola zero sin azucar lata 355ml pack 24. Opcion light para comensales y refresco embotellado. Presentacion chica economica ideal para consumo medido.
bebidas-0067,bebidas,Refresco Sabor Manzana 355ml Presentacion Compacta,Ciel,caja,12.0,198.0,58,Refresco sabor manzana en lata 355ml caja 24 pzas. Chesco dulce para taquerias y loncherias. Presentacion chica economica ideal para consumo medido.
bebidas-0068,bebidas,Refresco Toronja 355ml Presentacion Compacta,Bonafont,caja,12.0,203.5,65,Refresco sabor toronja lata 355ml caja de 24. Ideal para preparar palomas con tequila o micheladas. Presentacion chica economica ideal para consumo medido.
bebidas-0069,bebidas,Agua Mineral con Gas 355ml Presentacion Compacta,Penafiel,caja,12.0,187.0,72,Agua mineral de manantial gasificada en lata 355ml. Sifoncito mineral para mezclas y cocteleria. Presentacion chica economica ideal para consumo medido.
bebidas-0070,bebidas,Agua Mineral 600ml Presentacion Compacta,Jarritos,caja,12.0,231.0,79,Agua mineral de vidrio 600ml caja 24 botellas. Agua gasificada premium para mesa de restaurante. Presentacion chica economica ideal para consumo medido.
bebidas-0071,bebidas,Agua Purificada sin Gas 500ml Presentacion Compacta,Del Valle,caja,12.0,115.5,21,Agua embotellada natural sin gas pet 500ml paquete 24 piezas. Agua pura para hidratacion de clientes. Presentacion chica economica ideal para consumo medido.
bebidas-0072,bebidas,Agua Purificada Garrafon 20L Presentacion Compacta,Tucan,pieza,10.0,30.25,28,Garrafon de agua purificada ligera 20 litros. Agua en bidon para consumo de cocina y cafetera. Presentacion chica economica ideal para consumo medido.
bebidas-0073,bebidas,Cerveza Clara Lager 355ml Presentacion Compacta,Ciel,caja,12.0,264.0,35,Cerveza clara tipo lager botella 355ml cartocito de 24 chelas. Cerveza mexicana para maridaje. Presentacion chica economica ideal para consumo medido.
bebidas-0074,bebidas,Cerveza Ambar Viena 355ml Presentacion Compacta,Bonafont,caja,12.0,269.5,42,Cerveza ambar de barril en botella 355ml caja 24. La chela viena tradicional para tacos y garnachas. Presentacion chica economica ideal para consumo medido.
bebidas-0075,bebidas,Cerveza Oscura Negra 355ml Presentacion Compacta,Penafiel,caja,12.0,280.5,49,Cerveza oscura tipo munich lata 355ml caja 24. Cerveza negra para cortes de carne y asador. Presentacion chica economica ideal para consumo medido.
bebidas-0076,bebidas,Jugo de Naranja Natural 1L Presentacion Compacta,Jarritos,pieza,0.5,20.9,56,Jugo pasteurizado sabor naranja tetra pak 1 litro. Zumo citrico para desayunos buffet y cocteleria. Presentacion chica economica ideal para consumo medido.
bebidas-0077,bebidas,Jugo de Manzana 1L Presentacion Compacta,Del Valle,pieza,0.5,19.8,63,Jugo dulce de manzana 1L tetra brik. Nectar de fruta para barra infantil y desayunos. Presentacion chica economica ideal para consumo medido.
bebidas-0078,bebidas,Jugo de Tomate y Almeja 946ml Presentacion Compacta,Tucan,pieza,0.47,35.75,70,Jugo de tomate sazonado clamato 946ml. Mezclador indispensable para micheladas cubanas y mariscos. Presentacion chica economica ideal para consumo medido.
bebidas-0079,bebidas,Salsa Inglesa Preparada 1L Presentacion Compacta,Ciel,litro,0.5,60.5,77,Salsa tipo inglesa liquida botella de 1 litro. Sazonador liquido para barra de bar y micheladas. Presentacion chica economica ideal para consumo medido.
bebidas-0080,bebidas,Salsa Jugo Sazonador 1L Presentacion Compacta,Bonafont,litro,0.5,74.25,19,Jugo sazonador concentrado 1 litro. Salsa de soya y condimento para bebidas preparadas y carnes. Presentacion chica economica ideal para consumo medido.
bebidas-0081,bebidas,Jarabe Natural Liquido 1L Presentacion Compacta,Penafiel,litro,0.5,99.0,26,Jarabe natural de azucar de cana botella 1L. Almibar simple para cocteles clericot y limonadas. Presentacion chica economica ideal para consumo medido.
bebidas-0082,bebidas,Jarabe de Granadina 1L Presentacion Compacta,Jarritos,litro,0.5,79.75,1,Jarabe sabor granadina roja 1 litro. Endulzante con color para tequila sunrise y sodas italianas. Presentacion chica economica ideal para consumo medido.
bebidas-0083,bebidas,Vino Tinto de Mesa 750ml Presentacion Compacta,Del Valle,pieza,0.38,90.75,40,Vino tinto cabernet sauvignon valle de guadalupe 750ml. Vino de la casa para copeo y maridaje de carne. Presentacion chica economica ideal para consumo medido.
bebidas-0084,bebidas,Vino Blanco de Mesa 750ml Presentacion Compacta,Tucan,pieza,0.38,77.0,47,Vino blanco sauvignon blanc 750ml. Vino fresco seco para copeo pastas y pescados. Presentacion chica economica ideal para consumo medido.
bebidas-0085,bebidas,Tequila Reposado 1L Presentacion Compacta,Ciel,litro,0.5,176.0,54,Tequila reposado 100% agave botella de 1 litro. Destilado de agave para margaritas y copeo en barra. Presentacion chica economica ideal para consumo medido.
bebidas-0086,bebidas,Mezcal Espadin Artesanal 750ml Presentacion Compacta,Bonafont,pieza,0.38,319.0,61,Mezcal artesanal joven espadin oaxaca 750ml. Destilado ahumado para cocteleria de autor y sal de gusano. Presentacion chica economica ideal para consumo medido.
bebidas-0087,bebidas,Ron Blanco Carta Blanca 1L Presentacion Compacta,Penafiel,litro,0.5,137.5,68,Ron blanco tradicional botella 1 litro. Licor de cana para cubas mojitos y cocteles tropicales. Presentacion chica economica ideal para consumo medido.
bebidas-0088,bebidas,Vodka Clasico 1L Presentacion Compacta,Jarritos,litro,0.5,198.0,75,Vodka destilado de trigo 1 litro. Destilado neutro premium para martinis rusos y combinados. Presentacion chica economica ideal para consumo medido.
bebidas-0089,bebidas,Leche Entera Ultrapasteurizada 1L Presentacion Compacta,Del Valle,caja,6.0,170.5,17,Leche entera caja con 12 litros tetra pak. Leche de vaca para espumar en cafetera y malteadas. Presentacion chica economica ideal para consumo medido.
bebidas-0090,bebidas,Leche Deslactosada 1L Presentacion Compacta,Tucan,caja,6.0,187.0,24,Leche deslactosada caja 12 piezas de 1 litro. Leche de facil digestion para cafe capuchino y lattes. Presentacion chica economica ideal para consumo medido.
bebidas-0091,bebidas,Leche de Almendra sin Azucar 1L Presentacion Compacta,Ciel,caja,4.0,198.0,31,Bebida vegetal de almendra sin endulzar caja 8 litros. Alternativa vegana para baristas y cafeteria. Presentacion chica economica ideal para consumo medido.
bebidas-0092,bebidas,Te Negro en Sobres Caja 100 Presentacion Compacta,Bonafont,caja,50.0,121.0,38,Te negro english breakfast caja con 100 bolsitas. Infusion herbal caliente para servicio de salon. Presentacion chica economica ideal para consumo medido.
bebidas-0093,bebidas,Te Verde con Menta Caja 100 Presentacion Compacta,Penafiel,caja,50.0,96.25,45,Te verde con menta sobrecitos individuales caja 100 piezas. Infusion digestiva antioxidante. Presentacion chica economica ideal para consumo medido.
bebidas-0094,bebidas,Concentrado de Horchata 5L Presentacion Compacta,Jarritos,pieza,2.5,159.5,52,Jarabe concentrado para agua fresca de horchata garrafa 5L. Rinde 25 litros agua de arroz dulce. Presentacion chica economica ideal para consumo medido.
bebidas-0095,bebidas,Concentrado de Jamaica 5L Presentacion Compacta,Del Valle,pieza,2.5,162.25,59,Jarabe base flor de jamaica garrafa 5L. Concentrado de jamaica acidita para vitrolero de taqueria. Presentacion chica economica ideal para consumo medido.
bebidas-0096,bebidas,Refresco Sabor Naranja 355ml Presentacion Compacta,Tucan,caja,12.0,198.0,66,Refresco frutal sabor naranja lata 355ml paquete 24 piezas. Gaseosa naranja para combos de comida rapida. Presentacion chica economica ideal para consumo medido.
bebidas-0097,bebidas,Refresco Cola Regular 355ml Seleccion Especial,Ciel,caja,24.0,475.0,73,Refresco de cola en lata 355ml caja de 24 piezas. Soda fria para servicio en mesa y venta individual. Calidad seleccionada grado restaurantero premium.
bebidas-0098,bebidas,Refresco Cola Sin Azucar 355ml Seleccion Especial,Bonafont,caja,24.0,487.5,15,Refresco de cola zero sin azucar lata 355ml pack 24. Opcion light para comensales y refresco embotellado. Calidad seleccionada grado restaurantero premium.
bebidas-0099,bebidas,Refresco Sabor Manzana 355ml Seleccion Especial,Penafiel,caja,24.0,450.0,22,Refresco sabor manzana en lata 355ml caja 24 pzas. Chesco dulce para taquerias y loncherias. Calidad seleccionada grado restaurantero premium.
bebidas-0100,bebidas,Refresco Toronja 355ml Seleccion Especial,Jarritos,caja,24.0,462.5,29,Refresco sabor toronja lata 355ml caja de 24. Ideal para preparar palomas con tequila o micheladas. Calidad seleccionada grado restaurantero premium.
bebidas-0101,bebidas,Agua Mineral con Gas 355ml Seleccion Especial,Del Valle,caja,24.0,425.0,36,Agua mineral de manantial gasificada en lata 355ml. Sifoncito mineral para mezclas y cocteleria. Calidad seleccionada grado restaurantero premium.
bebidas-0102,bebidas,Agua Mineral 600ml Seleccion Especial,Tucan,caja,24.0,525.0,43,Agua mineral de vidrio 600ml caja 24 botellas. Agua gasificada premium para mesa de restaurante. Calidad seleccionada grado restaurantero premium.
bebidas-0103,bebidas,Agua Purificada sin Gas 500ml Seleccion Especial,Ciel,caja,24.0,262.5,50,Agua embotellada natural sin gas pet 500ml paquete 24 piezas. Agua pura para hidratacion de clientes. Calidad seleccionada grado restaurantero premium.
bebidas-0104,bebidas,Agua Purificada Garrafon 20L Seleccion Especial,Bonafont,pieza,20.0,68.75,57,Garrafon de agua purificada ligera 20 litros. Agua en bidon para consumo de cocina y cafetera. Calidad seleccionada grado restaurantero premium.
bebidas-0105,bebidas,Cerveza Clara Lager 355ml Seleccion Especial,Penafiel,caja,24.0,600.0,64,Cerveza clara tipo lager botella 355ml cartocito de 24 chelas. Cerveza mexicana para maridaje. Calidad seleccionada grado restaurantero premium.
bebidas-0106,bebidas,Cerveza Ambar Viena 355ml Seleccion Especial,Jarritos,caja,24.0,612.5,71,Cerveza ambar de barril en botella 355ml caja 24. La chela viena tradicional para tacos y garnachas. Calidad seleccionada grado restaurantero premium.
bebidas-0107,bebidas,Cerveza Oscura Negra 355ml Seleccion Especial,Del Valle,caja,24.0,637.5,78,Cerveza oscura tipo munich lata 355ml caja 24. Cerveza negra para cortes de carne y asador. Calidad seleccionada grado restaurantero premium.
bebidas-0108,bebidas,Jugo de Naranja Natural 1L Seleccion Especial,Tucan,pieza,1.0,47.5,20,Jugo pasteurizado sabor naranja tetra pak 1 litro. Zumo citrico para desayunos buffet y cocteleria. Calidad seleccionada grado restaurantero premium.
bebidas-0109,bebidas,Jugo de Manzana 1L Seleccion Especial,Ciel,pieza,1.0,45.0,1,Jugo dulce de manzana 1L tetra brik. Nectar de fruta para barra infantil y desayunos. Calidad seleccionada grado restaurantero premium.
bebidas-0110,bebidas,Jugo de Tomate y Almeja 946ml Seleccion Especial,Bonafont,pieza,0.95,81.25,34,Jugo de tomate sazonado clamato 946ml. Mezclador indispensable para micheladas cubanas y mariscos. Calidad seleccionada grado restaurantero premium.
bebidas-0111,bebidas,Salsa Inglesa Preparada 1L Seleccion Especial,Penafiel,litro,1.0,137.5,41,Salsa tipo inglesa liquida botella de 1 litro. Sazonador liquido para barra de bar y micheladas. Calidad seleccionada grado restaurantero premium.
bebidas-0112,bebidas,Salsa Jugo Sazonador 1L Seleccion Especial,Jarritos,litro,1.0,168.75,48,Jugo sazonador concentrado 1 litro. Salsa de soya y condimento para bebidas preparadas y carnes. Calidad seleccionada grado restaurantero premium.
bebidas-0113,bebidas,Jarabe Natural Liquido 1L Seleccion Especial,Del Valle,litro,1.0,225.0,55,Jarabe natural de azucar de cana botella 1L. Almibar simple para cocteles clericot y limonadas. Calidad seleccionada grado restaurantero premium.
bebidas-0114,bebidas,Jarabe de Granadina 1L Seleccion Especial,Tucan,litro,1.0,181.25,62,Jarabe sabor granadina roja 1 litro. Endulzante con color para tequila sunrise y sodas italianas. Calidad seleccionada grado restaurantero premium.
bebidas-0115,bebidas,Vino Tinto de Mesa 750ml Seleccion Especial,Ciel,pieza,0.75,206.25,69,Vino tinto cabernet sauvignon valle de guadalupe 750ml. Vino de la casa para copeo y maridaje de carne. Calidad seleccionada grado restaurantero premium.
bebidas-0116,bebidas,Vino Blanco de Mesa 750ml Seleccion Especial,Bonafont,pieza,0.75,175.0,76,Vino blanco sauvignon blanc 750ml. Vino fresco seco para copeo pastas y pescados. Calidad seleccionada grado restaurantero premium.
bebidas-0117,bebidas,Tequila Reposado 1L Seleccion Especial,Penafiel,litro,1.0,400.0,18,Tequila reposado 100% agave botella de 1 litro. Destilado de agave para margaritas y copeo en barra. Calidad seleccionada grado restaurantero premium.
bebidas-0118,bebidas,Mezcal Espadin Artesanal 750ml Seleccion Especial,Jarritos,pieza,0.75,725.0,25,Mezcal artesanal joven espadin oaxaca 750ml. Destilado ahumado para cocteleria de autor y sal de gusano. Calidad seleccionada grado restaurantero premium.
bebidas-0119,bebidas,Ron Blanco Carta Blanca 1L Seleccion Especial,Del Valle,litro,1.0,312.5,32,Ron blanco tradicional botella 1 litro. Licor de cana para cubas mojitos y cocteles tropicales. Calidad seleccionada grado restaurantero premium.
bebidas-0120,bebidas,Vodka Clasico 1L Seleccion Especial,Tucan,litro,1.0,450.0,39,Vodka destilado de trigo 1 litro. Destilado neutro premium para martinis rusos y combinados. Calidad seleccionada grado restaurantero premium.
bebidas-0121,bebidas,Leche Entera Ultrapasteurizada 1L Seleccion Especial,Ciel,caja,12.0,387.5,46,Leche entera caja con 12 litros tetra pak. Leche de vaca para espumar en cafetera y malteadas. Calidad seleccionada grado restaurantero premium.
bebidas-0122,bebidas,Leche Deslactosada 1L Seleccion Especial,Bonafont,caja,12.0,425.0,53,Leche deslactosada caja 12 piezas de 1 litro. Leche de facil digestion para cafe capuchino y lattes. Calidad seleccionada grado restaurantero premium.
bebidas-0123,bebidas,Leche de Almendra sin Azucar 1L Seleccion Especial,Penafiel,caja,8.0,450.0,60,Bebida vegetal de almendra sin endulzar caja 8 litros. Alternativa vegana para baristas y cafeteria. Calidad seleccionada grado restaurantero premium.
bebidas-0124,bebidas,Te Negro en Sobres Caja 100 Seleccion Especial,Jarritos,caja,100.0,275.0,67,Te negro english breakfast caja con 100 bolsitas. Infusion herbal caliente para servicio de salon. Calidad seleccionada grado restaurantero premium.
bebidas-0125,bebidas,Te Verde con Menta Caja 100 Seleccion Especial,Del Valle,caja,100.0,218.75,74,Te verde con menta sobrecitos individuales caja 100 piezas. Infusion digestiva antioxidante. Calidad seleccionada grado restaurantero premium.
bebidas-0126,bebidas,Concentrado de Horchata 5L Seleccion Especial,Tucan,pieza,5.0,362.5,16,Jarabe concentrado para agua fresca de horchata garrafa 5L. Rinde 25 litros agua de arroz dulce. Calidad seleccionada grado restaurantero premium.
bebidas-0127,bebidas,Concentrado de Jamaica 5L Seleccion Especial,Ciel,pieza,5.0,368.75,23,Jarabe base flor de jamaica garrafa 5L. Concentrado de jamaica acidita para vitrolero de taqueria. Calidad seleccionada grado restaurantero premium.
bebidas-0128,bebidas,Refresco Sabor Naranja 355ml Seleccion Especial,Bonafont,caja,24.0,450.0,30,Refresco frutal sabor naranja lata 355ml paquete 24 piezas. Gaseosa naranja para combos de comida rapida. Calidad seleccionada grado restaurantero premium.
bebidas-0129,bebidas,Refresco Cola Regular 355ml Empaque Economico,Penafiel,caja,24.0,323.0,37,Refresco de cola en lata 355ml caja de 24 piezas. Soda fria para servicio en mesa y venta individual. Version economica competitiva para optimizacion de costos.
bebidas-0130,bebidas,Refresco Cola Sin Azucar 355ml Empaque Economico,Jarritos,caja,24.0,331.5,44,Refresco de cola zero sin azucar lata 355ml pack 24. Opcion light para comensales y refresco embotellado. Version economica competitiva para optimizacion de costos.
bebidas-0131,bebidas,Refresco Sabor Manzana 355ml Empaque Economico,Del Valle,caja,24.0,306.0,51,Refresco sabor manzana en lata 355ml caja 24 pzas. Chesco dulce para taquerias y loncherias. Version economica competitiva para optimizacion de costos.
bebidas-0132,bebidas,Refresco Toronja 355ml Empaque Economico,Tucan,caja,24.0,314.5,58,Refresco sabor toronja lata 355ml caja de 24. Ideal para preparar palomas con tequila o micheladas. Version economica competitiva para optimizacion de costos.
bebidas-0133,bebidas,Agua Mineral con Gas 355ml Empaque Economico,Ciel,caja,24.0,289.0,65,Agua mineral de manantial gasificada en lata 355ml. Sifoncito mineral para mezclas y cocteleria. Version economica competitiva para optimizacion de costos.
bebidas-0134,bebidas,Agua Mineral 600ml Empaque Economico,Bonafont,caja,24.0,357.0,72,Agua mineral de vidrio 600ml caja 24 botellas. Agua gasificada premium para mesa de restaurante. Version economica competitiva para optimizacion de costos.
bebidas-0135,bebidas,Agua Purificada sin Gas 500ml Empaque Economico,Penafiel,caja,24.0,178.5,79,Agua embotellada natural sin gas pet 500ml paquete 24 piezas. Agua pura para hidratacion de clientes. Version economica competitiva para optimizacion de costos.
bebidas-0136,bebidas,Agua Purificada Garrafon 20L Empaque Economico,Jarritos,pieza,20.0,46.75,1,Garrafon de agua purificada ligera 20 litros. Agua en bidon para consumo de cocina y cafetera. Version economica competitiva para optimizacion de costos.
bebidas-0137,bebidas,Cerveza Clara Lager 355ml Empaque Economico,Del Valle,caja,24.0,408.0,28,Cerveza clara tipo lager botella 355ml cartocito de 24 chelas. Cerveza mexicana para maridaje. Version economica competitiva para optimizacion de costos.
bebidas-0138,bebidas,Cerveza Ambar Viena 355ml Empaque Economico,Tucan,caja,24.0,416.5,35,Cerveza ambar de barril en botella 355ml caja 24. La chela viena tradicional para tacos y garnachas. Version economica competitiva para optimizacion de costos.
bebidas-0139,bebidas,Cerveza Oscura Negra 355ml Empaque Economico,Ciel,caja,24.0,433.5,42,Cerveza oscura tipo munich lata 355ml caja 24. Cerveza negra para cortes de carne y asador. Version economica competitiva para optimizacion de costos.
bebidas-0140,bebidas,Jugo de Naranja Natural 1L Empaque Economico,Bonafont,pieza,1.0,32.3,49,Jugo pasteurizado sabor naranja tetra pak 1 litro. Zumo citrico para desayunos buffet y cocteleria. Version economica competitiva para optimizacion de costos.
bebidas-0141,bebidas,Jugo de Manzana 1L Empaque Economico,Penafiel,pieza,1.0,30.6,56,Jugo dulce de manzana 1L tetra brik. Nectar de fruta para barra infantil y desayunos. Version economica competitiva para optimizacion de costos.
bebidas-0142,bebidas,Jugo de Tomate y Almeja 946ml Empaque Economico,Jarritos,pieza,0.95,55.25,63,Jugo de tomate sazonado clamato 946ml. Mezclador indispensable para micheladas cubanas y mariscos. Version economica competitiva para optimizacion de costos.
bebidas-0143,bebidas,Salsa Inglesa Preparada 1L Empaque Economico,Del Valle,litro,1.0,93.5,70,Salsa tipo inglesa liquida botella de 1 litro. Sazonador liquido para barra de bar y micheladas. Version economica competitiva para optimizacion de costos.
bebidas-0144,bebidas,Salsa Jugo Sazonador 1L Empaque Economico,Tucan,litro,1.0,114.75,77,Jugo sazonador concentrado 1 litro. Salsa de soya y condimento para bebidas preparadas y carnes. Version economica competitiva para optimizacion de costos.
bebidas-0145,bebidas,Jarabe Natural Liquido 1L Empaque Economico,Ciel,litro,1.0,153.0,19,Jarabe natural de azucar de cana botella 1L. Almibar simple para cocteles clericot y limonadas. Version economica competitiva para optimizacion de costos.
bebidas-0146,bebidas,Jarabe de Granadina 1L Empaque Economico,Bonafont,litro,1.0,123.25,26,Jarabe sabor granadina roja 1 litro. Endulzante con color para tequila sunrise y sodas italianas. Version economica competitiva para optimizacion de costos.
bebidas-0147,bebidas,Vino Tinto de Mesa 750ml Empaque Economico,Penafiel,pieza,0.75,140.25,33,Vino tinto cabernet sauvignon valle de guadalupe 750ml. Vino de la casa para copeo y maridaje de carne. Version economica competitiva para optimizacion de costos.
bebidas-0148,bebidas,Vino Blanco de Mesa 750ml Empaque Economico,Jarritos,pieza,0.75,119.0,40,Vino blanco sauvignon blanc 750ml. Vino fresco seco para copeo pastas y pescados. Version economica competitiva para optimizacion de costos.
bebidas-0149,bebidas,Tequila Reposado 1L Empaque Economico,Del Valle,litro,1.0,272.0,47,Tequila reposado 100% agave botella de 1 litro. Destilado de agave para margaritas y copeo en barra. Version economica competitiva para optimizacion de costos.
bebidas-0150,bebidas,Mezcal Espadin Artesanal 750ml Empaque Economico,Tucan,pieza,0.75,493.0,54,Mezcal artesanal joven espadin oaxaca 750ml. Destilado ahumado para cocteleria de autor y sal de gusano. Version economica competitiva para optimizacion de costos.
bebidas-0151,bebidas,Ron Blanco Carta Blanca 1L Empaque Economico,Ciel,litro,1.0,212.5,61,Ron blanco tradicional botella 1 litro. Licor de cana para cubas mojitos y cocteles tropicales. Version economica competitiva para optimizacion de costos.
bebidas-0152,bebidas,Vodka Clasico 1L Empaque Economico,Bonafont,litro,1.0,306.0,68,Vodka destilado de trigo 1 litro. Destilado neutro premium para martinis rusos y combinados. Version economica competitiva para optimizacion de costos.
bebidas-0153,bebidas,Leche Entera Ultrapasteurizada 1L Empaque Economico,Penafiel,caja,12.0,263.5,75,Leche entera caja con 12 litros tetra pak. Leche de vaca para espumar en cafetera y malteadas. Version economica competitiva para optimizacion de costos.
bebidas-0154,bebidas,Leche Deslactosada 1L Empaque Economico,Jarritos,caja,12.0,289.0,17,Leche deslactosada caja 12 piezas de 1 litro. Leche de facil digestion para cafe capuchino y lattes. Version economica competitiva para optimizacion de costos.
bebidas-0155,bebidas,Leche de Almendra sin Azucar 1L Empaque Economico,Del Valle,caja,8.0,306.0,24,Bebida vegetal de almendra sin endulzar caja 8 litros. Alternativa vegana para baristas y cafeteria. Version economica competitiva para optimizacion de costos.
bebidas-0156,bebidas,Te Negro en Sobres Caja 100 Empaque Economico,Tucan,caja,100.0,187.0,31,Te negro english breakfast caja con 100 bolsitas. Infusion herbal caliente para servicio de salon. Version economica competitiva para optimizacion de costos.
bebidas-0157,bebidas,Te Verde con Menta Caja 100 Empaque Economico,Ciel,caja,100.0,148.75,38,Te verde con menta sobrecitos individuales caja 100 piezas. Infusion digestiva antioxidante. Version economica competitiva para optimizacion de costos.
bebidas-0158,bebidas,Concentrado de Horchata 5L Empaque Economico,Bonafont,pieza,5.0,246.5,45,Jarabe concentrado para agua fresca de horchata garrafa 5L. Rinde 25 litros agua de arroz dulce. Version economica competitiva para optimizacion de costos.
bebidas-0159,bebidas,Concentrado de Jamaica 5L Empaque Economico,Penafiel,pieza,5.0,250.75,52,Jarabe base flor de jamaica garrafa 5L. Concentrado de jamaica acidita para vitrolero de taqueria. Version economica competitiva para optimizacion de costos.
bebidas-0160,bebidas,Refresco Sabor Naranja 355ml Empaque Economico,Jarritos,caja,24.0,306.0,59,Refresco frutal sabor naranja lata 355ml paquete 24 piezas. Gaseosa naranja para combos de comida rapida. Version economica competitiva para optimizacion de costos.
abarrotes-0001,abarrotes,Aceite Vegetal Comestible 20L,Nutrioli,pieza,20.0,780.0,35,Aceite vegetal puro comestible cubeta de 20 litros. Aceite para freidora de restaurante papas y milanesas.
abarrotes-0002,abarrotes,Aceite de Canola 5L,Capullo,pieza,5.0,260.0,40,Aceite de canola puro bidon 5L. Grasa vegetal sin colesterol para salteados y plancha de cocina.
abarrotes-0003,abarrotes,Aceite de Oliva Extra Virgen 5L,Carbonell,pieza,5.0,1150.0,15,Aceite de oliva virgen extra lata 5 litros. Oro liquido espanol para ensaladas pastas y vinagretas.
abarrotes-0004,abarrotes,Harina de Trigo Extra Fina 44kg,San Antonio,costal,44.0,850.0,25,Harina de trigo de fuerza bulto o costal de 44kg. Harina panificable para masa de pizza y reposteria.
abarrotes-0005,abarrotes,Harina de Maiz Nixtamalizado 20kg,Maseca,costal,20.0,420.0,30,Harina de maiz nixtamalizada costal 20 kilos. Masa instantanea para tortillas sopes y gorditas.
abarrotes-0006,abarrotes,Arroz Grano Largo Super Extra 25kg,SOS,costal,25.0,680.0,28,Arroz blanco super extra costal 25kg. Arroz que no se bate para guarnicion de arroz rojo o blanco.
abarrotes-0007,abarrotes,Frijol Negro Jamapa 25kg,La Merced,costal,25.0,890.0,22,Frijol negro seleccionado costal 25 kilos. Legumbre para frijoles charros de la olla o refritos.
abarrotes-0008,abarrotes,Frijol Pinto Saltillo 25kg,Schettino,costal,25.0,840.0,20,Frijol pinto limpio bulto de 25kg. Frijol cremoso para molletes y frijoles con veneno.
abarrotes-0009,abarrotes,Azucar Estandar Morena 50kg,Zulka,costal,50.0,1350.0,18,Azucar estandar de cana bulto 50 kilogramos. Endulzante basico para aguas frescas cafe y postres.
abarrotes-0010,abarrotes,Sal de Mar Grano Grueso 25kg,La Fina,costal,25.0,230.0,45,Sal marina en grano costal 25kg. Sal pura para sazonar cortes de carne caldos y desinfectar verduras.
abarrotes-0011,abarrotes,Sal Fina Yodada y Fluorurada 1kg,La Fina,caja,20.0,280.0,40,Sal de mesa fina yodada paquete caja con 20 bolsas de 1kg. Salero de mesa para servicio a comensales.
abarrotes-0012,abarrotes,Mayonesa con Jugo de Limon 3.8kg,McCormick,pieza,3.8,340.0,30,Mayonesa tradicional bote institucional de 3.8 kilogramos. Aderezo cremoso para tortas hamburguesas y sandwiches.
abarrotes-0013,abarrotes,Salsa Catsup Institucional 3.8kg,Heinz,pieza,3.8,210.0,35,Salsa de tomate catsup galon 3.8kg. Salsa dulce de jitomate para papas a la francesa y banderillas.
abarrotes-0014,abarrotes,Mostaza Amarilla Clasica 3.8kg,Frenchs,pieza,3.8,225.0,25,Mostaza estilo americano tarro galon 3.8kg. Condimento amarillo para hot dogs hamburguesas y aderezos.
abarrotes-0015,abarrotes,Chiles Jalapenos en Escabeche Rajitas 2.8kg,La Costeña,pieza,2.8,165.0,1,Lata grande de rajas de chile verde jalapeno en escabeche con zanahorias. Chilitos para tortas y botana.
abarrotes-0016,abarrotes,Chiles Chipotles Adobados 2.8kg,La Costeña,pieza,2.8,195.0,24,Lata institucional chipotle en adobo dulce 2.8kg. Chile ahumado para salsas mayonesa de chipotle y tinga.
abarrotes-0017,abarrotes,Pure de Tomate Condimentado 3kg,Del Fuerte,pieza,3.0,140.0,35,Lata grande de pure de jitomate sazonado 3kg. Base espesa para pastas entomatadas y guisados caseros.
abarrotes-0018,abarrotes,Tomate Triturado Estilo Italiano 2.5kg,Mutti,pieza,2.5,240.0,2,Lata polpa de tomate triturado 2.5kg. Pulpa de pomodoro para salsa marinara y base de pizza artesanal.
abarrotes-0019,abarrotes,Pasta Espagueti No. 5 5kg,Barilla,caja,5.0,210.0,30,Caja institucional de pasta spaghetti numero 5 de 5kg. Fideos de semola de trigo duro para cocina italiana.
abarrotes-0020,abarrotes,Pasta Pluma Penne Rigate 5kg,La Moderna,caja,5.0,185.0,28,Pasta seca corta tipo pluma o penne paquete de 5kg. Pasta para alfredo boloñesa y ensaladas frias.
abarrotes-0021,abarrotes,Cafe de Grano Tueste Medio 1kg,Cafe Punta del Cielo,kg,1.0,310.0,25,Cafe en grano entero de altura chiapas tueste medio 1kg. Cafe gourmet para maquina espresso de cafeteria.
abarrotes-0022,abarrotes,Cafe Soluble Clasico 1kg,Nescafe,pieza,1.0,380.0,30,Cafe instantaneo soluble bote de 1 kilogramo. Cafe rapido para desayunos buffet y disolucion inmediata.
abarrotes-0023,abarrotes,Levadura Seca Instantanea 500g,Saf-Instant,pieza,0.5,85.0,40,Levadura en polvo seca para panificacion paquete al vacio 500g. Levadura roja para masa fermentada y pizzas.
abarrotes-0024,abarrotes,Oregano Seco Entero Molido 1kg,Mi Pepito,kg,1.0,175.0,20,Oregano seco mexicano aromático bolsa de 1kg. Hierba de olor para pozole salsas de pizza y caldos.
abarrotes-0025,abarrotes,Pimienta Negra Molida Pura 1kg,McCormick,kg,1.0,320.0,18,Pimienta negra molida fina bolsa de 1 kilo. Especia para marinar cortes carnes y sazon general.
abarrotes-0026,abarrotes,Ajo en Polvo Puro 1kg,Badia,kg,1.0,210.0,25,Ajo seco deshidratado pulverizado 1kg. Condimento en polvo para marinados rubs de bbq y empanizados.
abarrotes-0027,abarrotes,Salsa Picante Botanera 3.8L,Valentina,pieza,3.8,135.0,45,Salsa picante liquida etiqueta amarilla galon 3.8L. Salsa de botella para botanas papas fritas y tacos.
abarrotes-0028,abarrotes,Salsa Picante Habanera 1L,El Yucateco,litro,1.0,145.0,30,Salsa extra picante de chile habanero verde botella de 1 litro. Picante bravo para cochinita y mariscos.
abarrotes-0029,abarrotes,Vinagre Blanco Destilado 5L,Barrilito,pieza,5.0,95.0,50,Vinagre blanco de alcohol de cana garrafa 5 litros. Desinfectante y acido para encurtidos adobos y limpieza.
abarrotes-0030,abarrotes,Consome de Pollo en Polvo 5kg,Knorr,pieza,5.0,590.0,25,Sazonador y consome concentrado de pollo cubeta 5kg. Polvo amarillo de sabor para arroces sopas y caldos.
abarrotes-0031,abarrotes,Tortillas de Harina Grandes Burrito Paquete 50,Tia Rosa,caja,50.0,240.0,20,Tortillas de harina de trigo gigantes para burritos y sincronizadas. Tortilla suave y flexible no se rompe.
abarrotes-0032,abarrotes,Fritura Totopos de Maiz Frito 5kg,El Mexicano,caja,5.0,260.0,30,Totopos crujientes de maiz fritos bolsa grande 5kg. Nachos chips para chilaquiles guacamole y frijoles con queso.
abarrotes-0033,abarrotes,Aceite Vegetal Comestible 20L Presentacion Mayoreo,Great Value,pieza,40.0,1443.0,15,Aceite vegetal puro comestible cubeta de 20 litros. Aceite para freidora de restaurante papas y milanesas. Formato institucional mayoreo para alto volumen.
abarrotes-0034,abarrotes,Aceite de Canola 5L Presentacion Mayoreo,La Fina,pieza,10.0,481.0,22,Aceite de canola puro bidon 5L. Grasa vegetal sin colesterol para salteados y plancha de cocina. Formato institucional mayoreo para alto volumen.
abarrotes-0035,abarrotes,Aceite de Oliva Extra Virgen 5L Presentacion Mayoreo,La Costeña,pieza,10.0,2127.5,29,Aceite de oliva virgen extra lata 5 litros. Oro liquido espanol para ensaladas pastas y vinagretas. Formato institucional mayoreo para alto volumen.
abarrotes-0036,abarrotes,Harina de Trigo Extra Fina 44kg Presentacion Mayoreo,McCormick,costal,88.0,1572.5,36,Harina de trigo de fuerza bulto o costal de 44kg. Harina panificable para masa de pizza y reposteria. Formato institucional mayoreo para alto volumen.
abarrotes-0037,abarrotes,Harina de Maiz Nixtamalizado 20kg Presentacion Mayoreo,San Antonio,costal,40.0,777.0,43,Harina de maiz nixtamalizada costal 20 kilos. Masa instantanea para tortillas sopes y gorditas. Formato institucional mayoreo para alto volumen.
abarrotes-0038,abarrotes,Arroz Grano Largo Super Extra 25kg Presentacion Mayoreo,Knorr,costal,50.0,1258.0,50,Arroz blanco super extra costal 25kg. Arroz que no se bate para guarnicion de arroz rojo o blanco. Formato institucional mayoreo para alto volumen.
abarrotes-0039,abarrotes,Frijol Negro Jamapa 25kg Presentacion Mayoreo,Great Value,costal,50.0,1646.5,57,Frijol negro seleccionado costal 25 kilos. Legumbre para frijoles charros de la olla o refritos. Formato institucional mayoreo para alto volumen.
abarrotes-0040,abarrotes,Frijol Pinto Saltillo 25kg Presentacion Mayoreo,La Fina,costal,50.0,1554.0,64,Frijol pinto limpio bulto de 25kg. Frijol cremoso para molletes y frijoles con veneno. Formato institucional mayoreo para alto volumen.
abarrotes-0041,abarrotes,Azucar Estandar Morena 50kg Presentacion Mayoreo,La Costeña,costal,100.0,2497.5,71,Azucar estandar de cana bulto 50 kilogramos. Endulzante basico para aguas frescas cafe y postres. Formato institucional mayoreo para alto volumen.
abarrotes-0042,abarrotes,Sal de Mar Grano Grueso 25kg Presentacion Mayoreo,McCormick,costal,50.0,425.5,78,Sal marina en grano costal 25kg. Sal pura para sazonar cortes de carne caldos y desinfectar verduras. Formato institucional mayoreo para alto volumen.
abarrotes-0043,abarrotes,Sal Fina Yodada y Fluorurada 1kg Presentacion Mayoreo,San Antonio,caja,40.0,518.0,20,Sal de mesa fina yodada paquete caja con 20 bolsas de 1kg. Salero de mesa para servicio a comensales. Formato institucional mayoreo para alto volumen.
abarrotes-0044,abarrotes,Mayonesa con Jugo de Limon 3.8kg Presentacion Mayoreo,Knorr,pieza,7.6,629.0,27,Mayonesa tradicional bote institucional de 3.8 kilogramos. Aderezo cremoso para tortas hamburguesas y sandwiches. Formato institucional mayoreo para alto volumen.
abarrotes-0045,abarrotes,Salsa Catsup Institucional 3.8kg Presentacion Mayoreo,Great Value,pieza,7.6,388.5,34,Salsa de tomate catsup galon 3.8kg. Salsa dulce de jitomate para papas a la francesa y banderillas. Formato institucional mayoreo para alto volumen.
abarrotes-0046,abarrotes,Mostaza Amarilla Clasica 3.8kg Presentacion Mayoreo,La Fina,pieza,7.6,416.25,41,Mostaza estilo americano tarro galon 3.8kg. Condimento amarillo para hot dogs hamburguesas y aderezos. Formato institucional mayoreo para alto volumen.
abarrotes-0047,abarrotes,Chiles Jalapenos en Escabeche Rajitas 2.8kg Presentacion Mayoreo,La Costeña,pieza,5.6,305.25,48,Lata grande de rajas de chile verde jalapeno en escabeche con zanahorias. Chilitos para tortas y botana. Formato institucional mayoreo para alto volumen.
abarrotes-0048,abarrotes,Chiles Chipotles Adobados 2.8kg Presentacion Mayoreo,McCormick,pieza,5.6,360.75,55,Lata institucional chipotle en adobo dulce 2.8kg. Chile ahumado para salsas mayonesa de chipotle y tinga. Formato institucional mayoreo para alto volumen.
abarrotes-0049,abarrotes,Pure de Tomate Condimentado 3kg Presentacion Mayoreo,San Antonio,pieza,6.0,259.0,62,Lata grande de pure de jitomate sazonado 3kg. Base espesa para pastas entomatadas y guisados caseros. Formato institucional mayoreo para alto volumen.
abarrotes-0050,abarrotes,Tomate Triturado Estilo Italiano 2.5kg Presentacion Mayoreo,Knorr,pieza,5.0,444.0,69,Lata polpa de tomate triturado 2.5kg. Pulpa de pomodoro para salsa marinara y base de pizza artesanal. Formato institucional mayoreo para alto volumen.
abarrotes-0051,abarrotes,Pasta Espagueti No. 5 5kg Presentacion Mayoreo,Great Value,caja,10.0,388.5,76,Caja institucional de pasta spaghetti numero 5 de 5kg. Fideos de semola de trigo duro para cocina italiana. Formato institucional mayoreo para alto volumen.
abarrotes-0052,abarrotes,Pasta Pluma Penne Rigate 5kg Presentacion Mayoreo,La Fina,caja,10.0,342.25,18,Pasta seca corta tipo pluma o penne paquete de 5kg. Pasta para alfredo boloñesa y ensaladas frias. Formato institucional mayoreo para alto volumen.
abarrotes-0053,abarrotes,Cafe de Grano Tueste Medio 1kg Presentacion Mayoreo,La Costeña,kg,2.0,573.5,25,Cafe en grano entero de altura chiapas tueste medio 1kg. Cafe gourmet para maquina espresso de cafeteria. Formato institucional mayoreo para alto volumen.
abarrotes-0054,abarrotes,Cafe Soluble Clasico 1kg Presentacion Mayoreo,McCormick,pieza,2.0,703.0,32,Cafe instantaneo soluble bote de 1 kilogramo. Cafe rapido para desayunos buffet y disolucion inmediata. Formato institucional mayoreo para alto volumen.
abarrotes-0055,abarrotes,Levadura Seca Instantanea 500g Presentacion Mayoreo,San Antonio,pieza,1.0,157.25,1,Levadura en polvo seca para panificacion paquete al vacio 500g. Levadura roja para masa fermentada y pizzas. Formato institucional mayoreo para alto volumen.
abarrotes-0056,abarrotes,Oregano Seco Entero Molido 1kg Presentacion Mayoreo,Knorr,kg,2.0,323.75,46,Oregano seco mexicano aromático bolsa de 1kg. Hierba de olor para pozole salsas de pizza y caldos. Formato institucional mayoreo para alto volumen.
abarrotes-0057,abarrotes,Pimienta Negra Molida Pura 1kg Presentacion Mayoreo,Great Value,kg,2.0,592.0,53,Pimienta negra molida fina bolsa de 1 kilo. Especia para marinar cortes carnes y sazon general. Formato institucional mayoreo para alto volumen.
abarrotes-0058,abarrotes,Ajo en Polvo Puro 1kg Presentacion Mayoreo,La Fina,kg,2.0,388.5,60,Ajo seco deshidratado pulverizado 1kg. Condimento en polvo para marinados rubs de bbq y empanizados. Formato institucional mayoreo para alto volumen.
abarrotes-0059,abarrotes,Salsa Picante Botanera 3.8L Presentacion Mayoreo,La Costeña,pieza,7.6,249.75,67,Salsa picante liquida etiqueta amarilla galon 3.8L. Salsa de botella para botanas papas fritas y tacos. Formato institucional mayoreo para alto volumen.
abarrotes-0060,abarrotes,Salsa Picante Habanera 1L Presentacion Mayoreo,McCormick,litro,2.0,268.25,74,Salsa extra picante de chile habanero verde botella de 1 litro. Picante bravo para cochinita y mariscos. Formato institucional mayoreo para alto volumen.
abarrotes-0061,abarrotes,Vinagre Blanco Destilado 5L Presentacion Mayoreo,San Antonio,pieza,10.0,175.75,16,Vinagre blanco de alcohol de cana garrafa 5 litros. Desinfectante y acido para encurtidos adobos y limpieza. Formato institucional mayoreo para alto volumen.
abarrotes-0062,abarrotes,Consome de Pollo en Polvo 5kg Presentacion Mayoreo,Knorr,pieza,10.0,1091.5,23,Sazonador y consome concentrado de pollo cubeta 5kg. Polvo amarillo de sabor para arroces sopas y caldos. Formato institucional mayoreo para alto volumen.
abarrotes-0063,abarrotes,Tortillas de Harina Grandes Burrito Paquete 50 Presentacion Mayoreo,Great Value,caja,100.0,444.0,30,Tortillas de harina de trigo gigantes para burritos y sincronizadas. Tortilla suave y flexible no se rompe. Formato institucional mayoreo para alto volumen.
abarrotes-0064,abarrotes,Fritura Totopos de Maiz Frito 5kg Presentacion Mayoreo,La Fina,caja,10.0,481.0,37,Totopos crujientes de maiz fritos bolsa grande 5kg. Nachos chips para chilaquiles guacamole y frijoles con queso. Formato institucional mayoreo para alto volumen.
abarrotes-0065,abarrotes,Aceite Vegetal Comestible 20L Presentacion Compacta,La Costeña,pieza,10.0,429.0,44,Aceite vegetal puro comestible cubeta de 20 litros. Aceite para freidora de restaurante papas y milanesas. Presentacion chica economica ideal para consumo medido.
abarrotes-0066,abarrotes,Aceite de Canola 5L Presentacion Compacta,McCormick,pieza,2.5,143.0,51,Aceite de canola puro bidon 5L. Grasa vegetal sin colesterol para salteados y plancha de cocina. Presentacion chica economica ideal para consumo medido.
abarrotes-0067,abarrotes,Aceite de Oliva Extra Virgen 5L Presentacion Compacta,San Antonio,pieza,2.5,632.5,58,Aceite de oliva virgen extra lata 5 litros. Oro liquido espanol para ensaladas pastas y vinagretas. Presentacion chica economica ideal para consumo medido.
abarrotes-0068,abarrotes,Harina de Trigo Extra Fina 44kg Presentacion Compacta,Knorr,costal,22.0,467.5,65,Harina de trigo de fuerza bulto o costal de 44kg. Harina panificable para masa de pizza y reposteria. Presentacion chica economica ideal para consumo medido.
abarrotes-0069,abarrotes,Harina de Maiz Nixtamalizado 20kg Presentacion Compacta,Great Value,costal,10.0,231.0,72,Harina de maiz nixtamalizada costal 20 kilos. Masa instantanea para tortillas sopes y gorditas. Presentacion chica economica ideal para consumo medido.
abarrotes-0070,abarrotes,Arroz Grano Largo Super Extra 25kg Presentacion Compacta,La Fina,costal,12.5,374.0,79,Arroz blanco super extra costal 25kg. Arroz que no se bate para guarnicion de arroz rojo o blanco. Presentacion chica economica ideal para consumo medido.
abarrotes-0071,abarrotes,Frijol Negro Jamapa 25kg Presentacion Compacta,La Costeña,costal,12.5,489.5,21,Frijol negro seleccionado costal 25 kilos. Legumbre para frijoles charros de la olla o refritos. Presentacion chica economica ideal para consumo medido.
abarrotes-0072,abarrotes,Frijol Pinto Saltillo 25kg Presentacion Compacta,McCormick,costal,12.5,462.0,28,Frijol pinto limpio bulto de 25kg. Frijol cremoso para molletes y frijoles con veneno. Presentacion chica economica ideal para consumo medido.
abarrotes-0073,abarrotes,Azucar Estandar Morena 50kg Presentacion Compacta,San Antonio,costal,25.0,742.5,35,Azucar estandar de cana bulto 50 kilogramos. Endulzante basico para aguas frescas cafe y postres. Presentacion chica economica ideal para consumo medido.
abarrotes-0074,abarrotes,Sal de Mar Grano Grueso 25kg Presentacion Compacta,Knorr,costal,12.5,126.5,42,Sal marina en grano costal 25kg. Sal pura para sazonar cortes de carne caldos y desinfectar verduras. Presentacion chica economica ideal para consumo medido.
abarrotes-0075,abarrotes,Sal Fina Yodada y Fluorurada 1kg Presentacion Compacta,Great Value,caja,10.0,154.0,49,Sal de mesa fina yodada paquete caja con 20 bolsas de 1kg. Salero de mesa para servicio a comensales. Presentacion chica economica ideal para consumo medido.
abarrotes-0076,abarrotes,Mayonesa con Jugo de Limon 3.8kg Presentacion Compacta,La Fina,pieza,1.9,187.0,56,Mayonesa tradicional bote institucional de 3.8 kilogramos. Aderezo cremoso para tortas hamburguesas y sandwiches. Presentacion chica economica ideal para consumo medido.
abarrotes-0077,abarrotes,Salsa Catsup Institucional 3.8kg Presentacion Compacta,La Costeña,pieza,1.9,115.5,63,Salsa de tomate catsup galon 3.8kg. Salsa dulce de jitomate para papas a la francesa y banderillas. Presentacion chica economica ideal para consumo medido.
abarrotes-0078,abarrotes,Mostaza Amarilla Clasica 3.8kg Presentacion Compacta,McCormick,pieza,1.9,123.75,70,Mostaza estilo americano tarro galon 3.8kg. Condimento amarillo para hot dogs hamburguesas y aderezos. Presentacion chica economica ideal para consumo medido.
abarrotes-0079,abarrotes,Chiles Jalapenos en Escabeche Rajitas 2.8kg Presentacion Compacta,San Antonio,pieza,1.4,90.75,77,Lata grande de rajas de chile verde jalapeno en escabeche con zanahorias. Chilitos para tortas y botana. Presentacion chica economica ideal para consumo medido.
abarrotes-0080,abarrotes,Chiles Chipotles Adobados 2.8kg Presentacion Compacta,Knorr,pieza,1.4,107.25,19,Lata institucional chipotle en adobo dulce 2.8kg. Chile ahumado para salsas mayonesa de chipotle y tinga. Presentacion chica economica ideal para consumo medido.
abarrotes-0081,abarrotes,Pure de Tomate Condimentado 3kg Presentacion Compacta,Great Value,pieza,1.5,77.0,26,Lata grande de pure de jitomate sazonado 3kg. Base espesa para pastas entomatadas y guisados caseros. Presentacion chica economica ideal para consumo medido.
abarrotes-0082,abarrotes,Tomate Triturado Estilo Italiano 2.5kg Presentacion Compacta,La Fina,pieza,1.25,132.0,1,Lata polpa de tomate triturado 2.5kg. Pulpa de pomodoro para salsa marinara y base de pizza artesanal. Presentacion chica economica ideal para consumo medido.
abarrotes-0083,abarrotes,Pasta Espagueti No. 5 5kg Presentacion Compacta,La Costeña,caja,2.5,115.5,40,Caja institucional de pasta spaghetti numero 5 de 5kg. Fideos de semola de trigo duro para cocina italiana. Presentacion chica economica ideal para consumo medido.
abarrotes-0084,abarrotes,Pasta Pluma Penne Rigate 5kg Presentacion Compacta,McCormick,caja,2.5,101.75,47,Pasta seca corta tipo pluma o penne paquete de 5kg. Pasta para alfredo boloñesa y ensaladas frias. Presentacion chica economica ideal para consumo medido.
abarrotes-0085,abarrotes,Cafe de Grano Tueste Medio 1kg Presentacion Compacta,San Antonio,kg,0.5,170.5,54,Cafe en grano entero de altura chiapas tueste medio 1kg. Cafe gourmet para maquina espresso de cafeteria. Presentacion chica economica ideal para consumo medido.
abarrotes-0086,abarrotes,Cafe Soluble Clasico 1kg Presentacion Compacta,Knorr,pieza,0.5,209.0,61,Cafe instantaneo soluble bote de 1 kilogramo. Cafe rapido para desayunos buffet y disolucion inmediata. Presentacion chica economica ideal para consumo medido.
abarrotes-0087,abarrotes,Levadura Seca Instantanea 500g Presentacion Compacta,Great Value,pieza,0.25,46.75,68,Levadura en polvo seca para panificacion paquete al vacio 500g. Levadura roja para masa fermentada y pizzas. Presentacion chica economica ideal para consumo medido.
abarrotes-0088,abarrotes,Oregano Seco Entero Molido 1kg Presentacion Compacta,La Fina,kg,0.5,96.25,75,Oregano seco mexicano aromático bolsa de 1kg. Hierba de olor para pozole salsas de pizza y caldos. Presentacion chica economica ideal para consumo medido.
abarrotes-0089,abarrotes,Pimienta Negra Molida Pura 1kg Presentacion Compacta,La Costeña,kg,0.5,176.0,17,Pimienta negra molida fina bolsa de 1 kilo. Especia para marinar cortes carnes y sazon general. Presentacion chica economica ideal para consumo medido.
abarrotes-0090,abarrotes,Ajo en Polvo Puro 1kg Presentacion Compacta,McCormick,kg,0.5,115.5,24,Ajo seco deshidratado pulverizado 1kg. Condimento en polvo para marinados rubs de bbq y empanizados. Presentacion chica economica ideal para consumo medido.
abarrotes-0091,abarrotes,Salsa Picante Botanera 3.8L Presentacion Compacta,San Antonio,pieza,1.9,74.25,31,Salsa picante liquida etiqueta amarilla galon 3.8L. Salsa de botella para botanas papas fritas y tacos. Presentacion chica economica ideal para consumo medido.
abarrotes-0092,abarrotes,Salsa Picante Habanera 1L Presentacion Compacta,Knorr,litro,0.5,79.75,38,Salsa extra picante de chile habanero verde botella de 1 litro. Picante bravo para cochinita y mariscos. Presentacion chica economica ideal para consumo medido.
abarrotes-0093,abarrotes,Vinagre Blanco Destilado 5L Presentacion Compacta,Great Value,pieza,2.5,52.25,45,Vinagre blanco de alcohol de cana garrafa 5 litros. Desinfectante y acido para encurtidos adobos y limpieza. Presentacion chica economica ideal para consumo medido.
abarrotes-0094,abarrotes,Consome de Pollo en Polvo 5kg Presentacion Compacta,La Fina,pieza,2.5,324.5,52,Sazonador y consome concentrado de pollo cubeta 5kg. Polvo amarillo de sabor para arroces sopas y caldos. Presentacion chica economica ideal para consumo medido.
abarrotes-0095,abarrotes,Tortillas de Harina Grandes Burrito Paquete 50 Presentacion Compacta,La Costeña,caja,25.0,132.0,59,Tortillas de harina de trigo gigantes para burritos y sincronizadas. Tortilla suave y flexible no se rompe. Presentacion chica economica ideal para consumo medido.
abarrotes-0096,abarrotes,Fritura Totopos de Maiz Frito 5kg Presentacion Compacta,McCormick,caja,2.5,143.0,66,Totopos crujientes de maiz fritos bolsa grande 5kg. Nachos chips para chilaquiles guacamole y frijoles con queso. Presentacion chica economica ideal para consumo medido.
abarrotes-0097,abarrotes,Aceite Vegetal Comestible 20L Seleccion Especial,San Antonio,pieza,20.0,975.0,73,Aceite vegetal puro comestible cubeta de 20 litros. Aceite para freidora de restaurante papas y milanesas. Calidad seleccionada grado restaurantero premium.
abarrotes-0098,abarrotes,Aceite de Canola 5L Seleccion Especial,Knorr,pieza,5.0,325.0,15,Aceite de canola puro bidon 5L. Grasa vegetal sin colesterol para salteados y plancha de cocina. Calidad seleccionada grado restaurantero premium.
abarrotes-0099,abarrotes,Aceite de Oliva Extra Virgen 5L Seleccion Especial,Great Value,pieza,5.0,1437.5,22,Aceite de oliva virgen extra lata 5 litros. Oro liquido espanol para ensaladas pastas y vinagretas. Calidad seleccionada grado restaurantero premium.
abarrotes-0100,abarrotes,Harina de Trigo Extra Fina 44kg Seleccion Especial,La Fina,costal,44.0,1062.5,29,Harina de trigo de fuerza bulto o costal de 44kg. Harina panificable para masa de pizza y reposteria. Calidad seleccionada grado restaurantero premium.
abarrotes-0101,abarrotes,Harina de Maiz Nixtamalizado 20kg Seleccion Especial,La Costeña,costal,20.0,525.0,36,Harina de maiz nixtamalizada costal 20 kilos. Masa instantanea para tortillas sopes y gorditas. Calidad seleccionada grado restaurantero premium.
abarrotes-0102,abarrotes,Arroz Grano Largo Super Extra 25kg Seleccion Especial,McCormick,costal,25.0,850.0,43,Arroz blanco super extra costal 25kg. Arroz que no se bate para guarnicion de arroz rojo o blanco. Calidad seleccionada grado restaurantero premium.
abarrotes-0103,abarrotes,Frijol Negro Jamapa 25kg Seleccion Especial,San Antonio,costal,25.0,1112.5,50,Frijol negro seleccionado costal 25 kilos. Legumbre para frijoles charros de la olla o refritos. Calidad seleccionada grado restaurantero premium.
abarrotes-0104,abarrotes,Frijol Pinto Saltillo 25kg Seleccion Especial,Knorr,costal,25.0,1050.0,57,Frijol pinto limpio bulto de 25kg. Frijol cremoso para molletes y frijoles con veneno. Calidad seleccionada grado restaurantero premium.
abarrotes-0105,abarrotes,Azucar Estandar Morena 50kg Seleccion Especial,Great Value,costal,50.0,1687.5,64,Azucar estandar de cana bulto 50 kilogramos. Endulzante basico para aguas frescas cafe y postres. Calidad seleccionada grado restaurantero premium.
abarrotes-0106,abarrotes,Sal de Mar Grano Grueso 25kg Seleccion Especial,La Fina,costal,25.0,287.5,71,Sal marina en grano costal 25kg. Sal pura para sazonar cortes de carne caldos y desinfectar verduras. Calidad seleccionada grado restaurantero premium.
abarrotes-0107,abarrotes,Sal Fina Yodada y Fluorurada 1kg Seleccion Especial,La Costeña,caja,20.0,350.0,78,Sal de mesa fina yodada paquete caja con 20 bolsas de 1kg. Salero de mesa para servicio a comensales. Calidad seleccionada grado restaurantero premium.
abarrotes-0108,abarrotes,Mayonesa con Jugo de Limon 3.8kg Seleccion Especial,McCormick,pieza,3.8,425.0,20,Mayonesa tradicional bote institucional de 3.8 kilogramos. Aderezo cremoso para tortas hamburguesas y sandwiches. Calidad seleccionada grado restaurantero premium.
abarrotes-0109,abarrotes,Salsa Catsup Institucional 3.8kg Seleccion Especial,San Antonio,pieza,3.8,262.5,1,Salsa de tomate catsup galon 3.8kg. Salsa dulce de jitomate para papas a la francesa y banderillas. Calidad seleccionada grado restaurantero premium.
abarrotes-0110,abarrotes,Mostaza Amarilla Clasica 3.8kg Seleccion Especial,Knorr,pieza,3.8,281.25,34,Mostaza estilo americano tarro galon 3.8kg. Condimento amarillo para hot dogs hamburguesas y aderezos. Calidad seleccionada grado restaurantero premium.
abarrotes-0111,abarrotes,Chiles Jalapenos en Escabeche Rajitas 2.8kg Seleccion Especial,Great Value,pieza,2.8,206.25,41,Lata grande de rajas de chile verde jalapeno en escabeche con zanahorias. Chilitos para tortas y botana. Calidad seleccionada grado restaurantero premium.
abarrotes-0112,abarrotes,Chiles Chipotles Adobados 2.8kg Seleccion Especial,La Fina,pieza,2.8,243.75,48,Lata institucional chipotle en adobo dulce 2.8kg. Chile ahumado para salsas mayonesa de chipotle y tinga. Calidad seleccionada grado restaurantero premium.
abarrotes-0113,abarrotes,Pure de Tomate Condimentado 3kg Seleccion Especial,La Costeña,pieza,3.0,175.0,55,Lata grande de pure de jitomate sazonado 3kg. Base espesa para pastas entomatadas y guisados caseros. Calidad seleccionada grado restaurantero premium.
abarrotes-0114,abarrotes,Tomate Triturado Estilo Italiano 2.5kg Seleccion Especial,McCormick,pieza,2.5,300.0,62,Lata polpa de tomate triturado 2.5kg. Pulpa de pomodoro para salsa marinara y base de pizza artesanal. Calidad seleccionada grado restaurantero premium.
abarrotes-0115,abarrotes,Pasta Espagueti No. 5 5kg Seleccion Especial,San Antonio,caja,5.0,262.5,69,Caja institucional de pasta spaghetti numero 5 de 5kg. Fideos de semola de trigo duro para cocina italiana. Calidad seleccionada grado restaurantero premium.
abarrotes-0116,abarrotes,Pasta Pluma Penne Rigate 5kg Seleccion Especial,Knorr,caja,5.0,231.25,76,Pasta seca corta tipo pluma o penne paquete de 5kg. Pasta para alfredo boloñesa y ensaladas frias. Calidad seleccionada grado restaurantero premium.
abarrotes-0117,abarrotes,Cafe de Grano Tueste Medio 1kg Seleccion Especial,Great Value,kg,1.0,387.5,18,Cafe en grano entero de altura chiapas tueste medio 1kg. Cafe gourmet para maquina espresso de cafeteria. Calidad seleccionada grado restaurantero premium.
abarrotes-0118,abarrotes,Cafe Soluble Clasico 1kg Seleccion Especial,La Fina,pieza,1.0,475.0,25,Cafe instantaneo soluble bote de 1 kilogramo. Cafe rapido para desayunos buffet y disolucion inmediata. Calidad seleccionada grado restaurantero premium.
abarrotes-0119,abarrotes,Levadura Seca Instantanea 500g Seleccion Especial,La Costeña,pieza,0.5,106.25,32,Levadura en polvo seca para panificacion paquete al vacio 500g. Levadura roja para masa fermentada y pizzas. Calidad seleccionada grado restaurantero premium.
abarrotes-0120,abarrotes,Oregano Seco Entero Molido 1kg Seleccion Especial,McCormick,kg,1.0,218.75,39,Oregano seco mexicano aromático bolsa de 1kg. Hierba de olor para pozole salsas de pizza y caldos. Calidad seleccionada grado restaurantero premium.
abarrotes-0121,abarrotes,Pimienta Negra Molida Pura 1kg Seleccion Especial,San Antonio,kg,1.0,400.0,46,Pimienta negra molida fina bolsa de 1 kilo. Especia para marinar cortes carnes y sazon general. Calidad seleccionada grado restaurantero premium.
abarrotes-0122,abarrotes,Ajo en Polvo Puro 1kg Seleccion Especial,Knorr,kg,1.0,262.5,53,Ajo seco deshidratado pulverizado 1kg. Condimento en polvo para marinados rubs de bbq y empanizados. Calidad seleccionada grado restaurantero premium.
abarrotes-0123,abarrotes,Salsa Picante Botanera 3.8L Seleccion Especial,Great Value,pieza,3.8,168.75,60,Salsa picante liquida etiqueta amarilla galon 3.8L. Salsa de botella para botanas papas fritas y tacos. Calidad seleccionada grado restaurantero premium.
abarrotes-0124,abarrotes,Salsa Picante Habanera 1L Seleccion Especial,La Fina,litro,1.0,181.25,67,Salsa extra picante de chile habanero verde botella de 1 litro. Picante bravo para cochinita y mariscos. Calidad seleccionada grado restaurantero premium.
abarrotes-0125,abarrotes,Vinagre Blanco Destilado 5L Seleccion Especial,La Costeña,pieza,5.0,118.75,74,Vinagre blanco de alcohol de cana garrafa 5 litros. Desinfectante y acido para encurtidos adobos y limpieza. Calidad seleccionada grado restaurantero premium.
abarrotes-0126,abarrotes,Consome de Pollo en Polvo 5kg Seleccion Especial,McCormick,pieza,5.0,737.5,16,Sazonador y consome concentrado de pollo cubeta 5kg. Polvo amarillo de sabor para arroces sopas y caldos. Calidad seleccionada grado restaurantero premium.
abarrotes-0127,abarrotes,Tortillas de Harina Grandes Burrito Paquete 50 Seleccion Especial,San Antonio,caja,50.0,300.0,23,Tortillas de harina de trigo gigantes para burritos y sincronizadas. Tortilla suave y flexible no se rompe. Calidad seleccionada grado restaurantero premium.
abarrotes-0128,abarrotes,Fritura Totopos de Maiz Frito 5kg Seleccion Especial,Knorr,caja,5.0,325.0,30,Totopos crujientes de maiz fritos bolsa grande 5kg. Nachos chips para chilaquiles guacamole y frijoles con queso. Calidad seleccionada grado restaurantero premium.
abarrotes-0129,abarrotes,Aceite Vegetal Comestible 20L Empaque Economico,Great Value,pieza,20.0,663.0,37,Aceite vegetal puro comestible cubeta de 20 litros. Aceite para freidora de restaurante papas y milanesas. Version economica competitiva para optimizacion de costos.
abarrotes-0130,abarrotes,Aceite de Canola 5L Empaque Economico,La Fina,pieza,5.0,221.0,44,Aceite de canola puro bidon 5L. Grasa vegetal sin colesterol para salteados y plancha de cocina. Version economica competitiva para optimizacion de costos.
abarrotes-0131,abarrotes,Aceite de Oliva Extra Virgen 5L Empaque Economico,La Costeña,pieza,5.0,977.5,51,Aceite de oliva virgen extra lata 5 litros. Oro liquido espanol para ensaladas pastas y vinagretas. Version economica competitiva para optimizacion de costos.
abarrotes-0132,abarrotes,Harina de Trigo Extra Fina 44kg Empaque Economico,McCormick,costal,44.0,722.5,58,Harina de trigo de fuerza bulto o costal de 44kg. Harina panificable para masa de pizza y reposteria. Version economica competitiva para optimizacion de costos.
abarrotes-0133,abarrotes,Harina de Maiz Nixtamalizado 20kg Empaque Economico,San Antonio,costal,20.0,357.0,65,Harina de maiz nixtamalizada costal 20 kilos. Masa instantanea para tortillas sopes y gorditas. Version economica competitiva para optimizacion de costos.
abarrotes-0134,abarrotes,Arroz Grano Largo Super Extra 25kg Empaque Economico,Knorr,costal,25.0,578.0,72,Arroz blanco super extra costal 25kg. Arroz que no se bate para guarnicion de arroz rojo o blanco. Version economica competitiva para optimizacion de costos.
abarrotes-0135,abarrotes,Frijol Negro Jamapa 25kg Empaque Economico,Great Value,costal,25.0,756.5,79,Frijol negro seleccionado costal 25 kilos. Legumbre para frijoles charros de la olla o refritos. Version economica competitiva para optimizacion de costos.
abarrotes-0136,abarrotes,Frijol Pinto Saltillo 25kg Empaque Economico,La Fina,costal,25.0,714.0,1,Frijol pinto limpio bulto de 25kg. Frijol cremoso para molletes y frijoles con veneno. Version economica competitiva para optimizacion de costos.
abarrotes-0137,abarrotes,Azucar Estandar Morena 50kg Empaque Economico,La Costeña,costal,50.0,1147.5,28,Azucar estandar de cana bulto 50 kilogramos. Endulzante basico para aguas frescas cafe y postres. Version economica competitiva para optimizacion de costos.
abarrotes-0138,abarrotes,Sal de Mar Grano Grueso 25kg Empaque Economico,McCormick,costal,25.0,195.5,35,Sal marina en grano costal 25kg. Sal pura para sazonar cortes de carne caldos y desinfectar verduras. Version economica competitiva para optimizacion de costos.
abarrotes-0139,abarrotes,Sal Fina Yodada y Fluorurada 1kg Empaque Economico,San Antonio,caja,20.0,238.0,42,Sal de mesa fina yodada paquete caja con 20 bolsas de 1kg. Salero de mesa para servicio a comensales. Version economica competitiva para optimizacion de costos.
abarrotes-0140,abarrotes,Mayonesa con Jugo de Limon 3.8kg Empaque Economico,Knorr,pieza,3.8,289.0,49,Mayonesa tradicional bote institucional de 3.8 kilogramos. Aderezo cremoso para tortas hamburguesas y sandwiches. Version economica competitiva para optimizacion de costos.
abarrotes-0141,abarrotes,Salsa Catsup Institucional 3.8kg Empaque Economico,Great Value,pieza,3.8,178.5,56,Salsa de tomate catsup galon 3.8kg. Salsa dulce de jitomate para papas a la francesa y banderillas. Version economica competitiva para optimizacion de costos.
abarrotes-0142,abarrotes,Mostaza Amarilla Clasica 3.8kg Empaque Economico,La Fina,pieza,3.8,191.25,63,Mostaza estilo americano tarro galon 3.8kg. Condimento amarillo para hot dogs hamburguesas y aderezos. Version economica competitiva para optimizacion de costos.
abarrotes-0143,abarrotes,Chiles Jalapenos en Escabeche Rajitas 2.8kg Empaque Economico,La Costeña,pieza,2.8,140.25,70,Lata grande de rajas de chile verde jalapeno en escabeche con zanahorias. Chilitos para tortas y botana. Version economica competitiva para optimizacion de costos.
abarrotes-0144,abarrotes,Chiles Chipotles Adobados 2.8kg Empaque Economico,McCormick,pieza,2.8,165.75,77,Lata institucional chipotle en adobo dulce 2.8kg. Chile ahumado para salsas mayonesa de chipotle y tinga. Version economica competitiva para optimizacion de costos.
abarrotes-0145,abarrotes,Pure de Tomate Condimentado 3kg Empaque Economico,San Antonio,pieza,3.0,119.0,19,Lata grande de pure de jitomate sazonado 3kg. Base espesa para pastas entomatadas y guisados caseros. Version economica competitiva para optimizacion de costos.
abarrotes-0146,abarrotes,Tomate Triturado Estilo Italiano 2.5kg Empaque Economico,Knorr,pieza,2.5,204.0,26,Lata polpa de tomate triturado 2.5kg. Pulpa de pomodoro para salsa marinara y base de pizza artesanal. Version economica competitiva para optimizacion de costos.
abarrotes-0147,abarrotes,Pasta Espagueti No. 5 5kg Empaque Economico,Great Value,caja,5.0,178.5,33,Caja institucional de pasta spaghetti numero 5 de 5kg. Fideos de semola de trigo duro para cocina italiana. Version economica competitiva para optimizacion de costos.
abarrotes-0148,abarrotes,Pasta Pluma Penne Rigate 5kg Empaque Economico,La Fina,caja,5.0,157.25,40,Pasta seca corta tipo pluma o penne paquete de 5kg. Pasta para alfredo boloñesa y ensaladas frias. Version economica competitiva para optimizacion de costos.
abarrotes-0149,abarrotes,Cafe de Grano Tueste Medio 1kg Empaque Economico,La Costeña,kg,1.0,263.5,47,Cafe en grano entero de altura chiapas tueste medio 1kg. Cafe gourmet para maquina espresso de cafeteria. Version economica competitiva para optimizacion de costos.
abarrotes-0150,abarrotes,Cafe Soluble Clasico 1kg Empaque Economico,McCormick,pieza,1.0,323.0,54,Cafe instantaneo soluble bote de 1 kilogramo. Cafe rapido para desayunos buffet y disolucion inmediata. Version economica competitiva para optimizacion de costos.
abarrotes-0151,abarrotes,Levadura Seca Instantanea 500g Empaque Economico,San Antonio,pieza,0.5,72.25,61,Levadura en polvo seca para panificacion paquete al vacio 500g. Levadura roja para masa fermentada y pizzas. Version economica competitiva para optimizacion de costos.
abarrotes-0152,abarrotes,Oregano Seco Entero Molido 1kg Empaque Economico,Knorr,kg,1.0,148.75,68,Oregano seco mexicano aromático bolsa de 1kg. Hierba de olor para pozole salsas de pizza y caldos. Version economica competitiva para optimizacion de costos.
abarrotes-0153,abarrotes,Pimienta Negra Molida Pura 1kg Empaque Economico,Great Value,kg,1.0,272.0,75,Pimienta negra molida fina bolsa de 1 kilo. Especia para marinar cortes carnes y sazon general. Version economica competitiva para optimizacion de costos.
abarrotes-0154,abarrotes,Ajo en Polvo Puro 1kg Empaque Economico,La Fina,kg,1.0,178.5,17,Ajo seco deshidratado pulverizado 1kg. Condimento en polvo para marinados rubs de bbq y empanizados. Version economica competitiva para optimizacion de costos.
abarrotes-0155,abarrotes,Salsa Picante Botanera 3.8L Empaque Economico,La Costeña,pieza,3.8,114.75,24,Salsa picante liquida etiqueta amarilla galon 3.8L. Salsa de botella para botanas papas fritas y tacos. Version economica competitiva para optimizacion de costos.
abarrotes-0156,abarrotes,Salsa Picante Habanera 1L Empaque Economico,McCormick,litro,1.0,123.25,31,Salsa extra picante de chile habanero verde botella de 1 litro. Picante bravo para cochinita y mariscos. Version economica competitiva para optimizacion de costos.
abarrotes-0157,abarrotes,Vinagre Blanco Destilado 5L Empaque Economico,San Antonio,pieza,5.0,80.75,38,Vinagre blanco de alcohol de cana garrafa 5 litros. Desinfectante y acido para encurtidos adobos y limpieza. Version economica competitiva para optimizacion de costos.
abarrotes-0158,abarrotes,Consome de Pollo en Polvo 5kg Empaque Economico,Knorr,pieza,5.0,501.5,45,Sazonador y consome concentrado de pollo cubeta 5kg. Polvo amarillo de sabor para arroces sopas y caldos. Version economica competitiva para optimizacion de costos.
abarrotes-0159,abarrotes,Tortillas de Harina Grandes Burrito Paquete 50 Empaque Economico,Great Value,caja,50.0,204.0,52,Tortillas de harina de trigo gigantes para burritos y sincronizadas. Tortilla suave y flexible no se rompe. Version economica competitiva para optimizacion de costos.
abarrotes-0160,abarrotes,Fritura Totopos de Maiz Frito 5kg Empaque Economico,La Fina,caja,5.0,221.0,59,Totopos crujientes de maiz fritos bolsa grande 5kg. Nachos chips para chilaquiles guacamole y frijoles con queso. Version economica competitiva para optimizacion de costos.
carnes_frias-0001,carnes_frias,Queso Tipo Americano Amarillo en Rebanadas 2.2kg,Kraft,pieza,2.2,285.0,35,Queso amarillo de hamburguesa en rebanadas individuales paquete 2.2kg. Queso fundible cheddar para burgers y sandwich.
carnes_frias-0002,carnes_frias,Queso Manchego Mexicano Barra 3kg,NocheBuena,pieza,3.0,580.0,25,Queso manchego pasteurizado en bloque o barra 3kg. Queso para gratinar quesadillas molletes y sincronizadas.
carnes_frias-0003,carnes_frias,Queso Mozzarella Rayado Especial Pizza 2kg,Sorrento,pieza,2.0,395.0,40,Queso mozzarella rallado bolsa 2 kilos. Queso hebra fundente con excelente estiramiento para pizza y lasana.
carnes_frias-0004,carnes_frias,Queso Oaxaca Hebra Fresco 3kg,Flor de Alfalfa,kg,3.0,520.0,2,Queso de hebra tipo oaxaca artesanal bola de 3 kilos. Quesillo fresco para fundir en tlayudas y costras de queso.
carnes_frias-0005,carnes_frias,Queso Panela Tradicional Canasta 2kg,Fud,pieza,2.0,310.0,28,Queso fresco de canasta panela barra 2kg. Queso blanco bajo en grasa para ensaladas nopales y asar a la plancha.
carnes_frias-0006,carnes_frias,Jamon de Pierna de Cerdo Extra 4kg,Zwan,pieza,4.0,640.0,25,Jamon de pierna horneado barra 4 kilos. Jamon rosa para rebanar en maquina para tortas y sandwiches.
carnes_frias-0007,carnes_frias,Jamon de Pavo Virginia 3kg,San Rafael,pieza,3.0,540.0,30,Jamon de pechuga de pavo virginia pieza de 3kg. Fiambre bajo en grasa embutido fino para desayunos buffet.
carnes_frias-0008,carnes_frias,Jamon Serrano Reserva Espanol Rebanado 500g,Campofrio,pieza,0.5,360.0,3,Jamon serrano curado madurado paquete de 500g rebanado fino. Tapa espanola charcuteria fina para tablas de quesos.
carnes_frias-0009,carnes_frias,Tocino Ahumado Rebanado Especial 1kg,Fud,kg,1.0,230.0,40,Tocino ahumado de panceta de cerdo rebanado 1 kilo. Tocineta crujiente para hamburguesas huevos con tocino y guisados.
carnes_frias-0010,carnes_frias,Tocino Grueso en Tiras Plancha 2kg,Bafar,kg,2.0,420.0,22,Tocino corte grueso ahumado paquete 2kg. Tiras de tocino resistentes para envolver camarones o asar a la parrilla.
carnes_frias-0011,carnes_frias,Salchicha de Pavo para Hot Dog 2kg,Fud,pieza,2.0,195.0,35,Salchichas de pavo para jocho paquete con 40 piezas 2kg. Embutido para hot dogs infantiles y salchipulpos.
carnes_frias-0012,carnes_frias,Salchicha para Asar con Queso 1kg,Chimex,kg,1.0,165.0,30,Salchichon polaco para asar relleno con queso fundido 1kg. Salchicha parrillera asada para botana de carnita asada.
carnes_frias-0013,carnes_frias,Chorizo Espanol Madurado Cantimpalo 1kg,Tangamanga,kg,1.0,380.0,18,Chorizo tipo cantimpalo seco rebanable paquete 1kg. Embutido curado con pimenton para pizzas y tapas.
carnes_frias-0014,carnes_frias,Chorizo Rojo Casero para Desmenuzar 2kg,San Manuel,kg,2.0,290.0,25,Chorizo rojo norteno molido en tripita 2 kilos. Embutido adobado para chori-queso huevos al gusto y tacos.
carnes_frias-0015,carnes_frias,Pepperoni Rebanado para Pizza 1kg,Hormel,kg,1.0,260.0,45,Pepperoni en rodajas listas para hornear bolsa de 1 kilo. Rebanadas especiadas clasicas para pizza americana.
carnes_frias-0016,carnes_frias,Salami de Genova Rebanado 500g,Tangamanga,pieza,0.5,190.0,20,Salami italiano estilo genova rebanado fino 500 gramos. Embutido curado con pimienta para baguette y pizzas.
carnes_frias-0017,carnes_frias,Crema de Vaca Entera Pasteurizada 4L,Lala,litro,4.0,290.0,30,Crema acida de leche pura de vaca cubeta 4 litros. Crema espesa para enchiladas chilaquiles tostadas y flautas.
carnes_frias-0018,carnes_frias,Mantequilla Sin Sal Barra Repostera 1kg,Gloria,kg,1.0,210.0,35,Mantequilla pura de vaca sin sal bloque de 1 kilo. Grasa lactea para reposteria salsas francesas y plancha.
carnes_frias-0019,carnes_frias,Mantequilla Con Sal Porciones Individuales Caja 200,Lurpak,caja,200.0,480.0,15,Mantequilla porcionada en cubitos de 10g caja con 200 piezas. Mantequillitas de mesa para pan caliente y hot cakes.
carnes_frias-0020,carnes_frias,Pastrami Ahumado New York Style 1kg,Bernina,kg,1.0,430.0,12,Pastrami de pecho de res curado y ahumado especiado 1kg. Carne curada para sandwich reuben y deli judio.
carnes_frias-0021,carnes_frias,Roast Beef Horneado Rebanado 1kg,Tangamanga,kg,1.0,460.0,2,Roast beef de res cocido termino medio jugoso rebanado 1 kilo. Carne fria fria o tibia para baguettes gourmet.
carnes_frias-0022,carnes_frias,Chistorra Parrillera Vasca 1kg,Obertal,kg,1.0,275.0,20,Chistorra delgada estilo navarro paquete de 1kg. Embutido fresco de cerdo con pimenton para asar o chistorra frita.
carnes_frias-0023,carnes_frias,Queso Parmesano Reggiano Autentico 1kg,Zanetti,kg,1.0,690.0,10,Queso parmesano italiano anejado en cuna o trozo 1kg. Queso duro para rallar sobre pastas finas y carpaccios.
carnes_frias-0024,carnes_frias,Queso Azul Danesh Blue 1kg,Castello,kg,1.0,450.0,15,Queso azul madurado cremoso y penetrante bloque de 1kg. Queso fuerte para aderezo blue cheese de alitas de pollo.
carnes_frias-0025,carnes_frias,Queso Crema Barra Pastelera 1.8kg,Philadelphia,pieza,1.8,320.0,30,Queso crema tipo philadelphia barra pastelera 1.8kg. Untable cremoso para sushi rollos pay de queso y dips.
carnes_frias-0026,carnes_frias,Queso Gouda Holandes Barra 3kg,Frico,kg,3.0,620.0,20,Queso gouda suave importado de holanda barra de 3 kilos. Excelente para fundir gratinar o cortar en cubos.
carnes_frias-0027,carnes_frias,Queso Feta de Leche de Cabra 1kg,Kolios,kg,1.0,395.0,14,Queso feta griego en salmuera bote de 1 kilo. Queso blanco salado quebradizo para ensalada griega y mediterranea.
carnes_frias-0028,carnes_frias,Pechuga de Pavo Ahumada Natural 3kg,Peñaranda,pieza,3.0,720.0,18,Pechuga de pavo ahumada artesanal con corteza dorada 3kg. Fiambre selecto para clubsandwich y ensaladas chef.
carnes_frias-0029,carnes_frias,Salchicha Alemana Frankfurt Gigante 1.5kg,Bernina,pieza,1.5,280.0,25,Salchicha frankfurter tipo alemana embutido grande paquete 1.5kg. Salchicha crujiente para panes jumbo de jocho.
carnes_frias-0030,carnes_frias,Mortadela con Pistache Italiana 2kg,Villani,pieza,2.0,410.0,16,Mortadela de bolonia con pistachos enteros pieza de 2kg. Embutido italiano para focaccias paninis y entradas.
carnes_frias-0031,carnes_frias,Queso Suizo Emmental Rebanado 1kg,President,kg,1.0,440.0,22,Queso suizo tipo emmental con agujeros rebanado 1kg. Queso dulce con notas a nuez para fondue y hamburguesas suizas.
carnes_frias-0032,carnes_frias,Longaniza de Cerdo Tradicional 2kg,Don Chema,kg,2.0,250.0,28,Longaniza artesanal de cerdo con chile guajillo tira de 2kg. Tira de embutido para picar en salsa verde o bistec.
carnes_frias-0033,carnes_frias,Queso Tipo Americano Amarillo en Rebanadas 2.2kg Presentacion Mayoreo,Fud,pieza,4.4,527.25,15,Queso amarillo de hamburguesa en rebanadas individuales paquete 2.2kg. Queso fundible cheddar para burgers y sandwich. Formato institucional mayoreo para alto volumen.
carnes_frias-0034,carnes_frias,Queso Manchego Mexicano Barra 3kg Presentacion Mayoreo,Bafar,pieza,6.0,1073.0,22,Queso manchego pasteurizado en bloque o barra 3kg. Queso para gratinar quesadillas molletes y sincronizadas. Formato institucional mayoreo para alto volumen.
carnes_frias-0035,carnes_frias,Queso Mozzarella Rayado Especial Pizza 2kg Presentacion Mayoreo,Zwan,pieza,4.0,730.75,29,Queso mozzarella rallado bolsa 2 kilos. Queso hebra fundente con excelente estiramiento para pizza y lasana. Formato institucional mayoreo para alto volumen.
carnes_frias-0036,carnes_frias,Queso Oaxaca Hebra Fresco 3kg Presentacion Mayoreo,Chimex,kg,6.0,962.0,36,Queso de hebra tipo oaxaca artesanal bola de 3 kilos. Quesillo fresco para fundir en tlayudas y costras de queso. Formato institucional mayoreo para alto volumen.
carnes_frias-0037,carnes_frias,Queso Panela Tradicional Canasta 2kg Presentacion Mayoreo,Tangamanga,pieza,4.0,573.5,43,Queso fresco de canasta panela barra 2kg. Queso blanco bajo en grasa para ensaladas nopales y asar a la plancha. Formato institucional mayoreo para alto volumen.
carnes_frias-0038,carnes_frias,Jamon de Pierna de Cerdo Extra 4kg Presentacion Mayoreo,NocheBuena,pieza,8.0,1184.0,50,Jamon de pierna horneado barra 4 kilos. Jamon rosa para rebanar en maquina para tortas y sandwiches. Formato institucional mayoreo para alto volumen.
carnes_frias-0039,carnes_frias,Jamon de Pavo Virginia 3kg Presentacion Mayoreo,Fud,pieza,6.0,999.0,57,Jamon de pechuga de pavo virginia pieza de 3kg. Fiambre bajo en grasa embutido fino para desayunos buffet. Formato institucional mayoreo para alto volumen.
carnes_frias-0040,carnes_frias,Jamon Serrano Reserva Espanol Rebanado 500g Presentacion Mayoreo,Bafar,pieza,1.0,666.0,64,Jamon serrano curado madurado paquete de 500g rebanado fino. Tapa espanola charcuteria fina para tablas de quesos. Formato institucional mayoreo para alto volumen.
carnes_frias-0041,carnes_frias,Tocino Ahumado Rebanado Especial 1kg Presentacion Mayoreo,Zwan,kg,2.0,425.5,71,Tocino ahumado de panceta de cerdo rebanado 1 kilo. Tocineta crujiente para hamburguesas huevos con tocino y guisados. Formato institucional mayoreo para alto volumen.
carnes_frias-0042,carnes_frias,Tocino Grueso en Tiras Plancha 2kg Presentacion Mayoreo,Chimex,kg,4.0,777.0,78,Tocino corte grueso ahumado paquete 2kg. Tiras de tocino resistentes para envolver camarones o asar a la parrilla. Formato institucional mayoreo para alto volumen.
carnes_frias-0043,carnes_frias,Salchicha de Pavo para Hot Dog 2kg Presentacion Mayoreo,Tangamanga,pieza,4.0,360.75,20,Salchichas de pavo para jocho paquete con 40 piezas 2kg. Embutido para hot dogs infantiles y salchipulpos. Formato institucional mayoreo para alto volumen.
carnes_frias-0044,carnes_frias,Salchicha para Asar con Queso 1kg Presentacion Mayoreo,NocheBuena,kg,2.0,305.25,27,Salchichon polaco para asar relleno con queso fundido 1kg. Salchicha parrillera asada para botana de carnita asada. Formato institucional mayoreo para alto volumen.
carnes_frias-0045,carnes_frias,Chorizo Espanol Madurado Cantimpalo 1kg Presentacion Mayoreo,Fud,kg,2.0,703.0,34,Chorizo tipo cantimpalo seco rebanable paquete 1kg. Embutido curado con pimenton para pizzas y tapas. Formato institucional mayoreo para alto volumen.
carnes_frias-0046,carnes_frias,Chorizo Rojo Casero para Desmenuzar 2kg Presentacion Mayoreo,Bafar,kg,4.0,536.5,41,Chorizo rojo norteno molido en tripita 2 kilos. Embutido adobado para chori-queso huevos al gusto y tacos. Formato institucional mayoreo para alto volumen.
carnes_frias-0047,carnes_frias,Pepperoni Rebanado para Pizza 1kg Presentacion Mayoreo,Zwan,kg,2.0,481.0,48,Pepperoni en rodajas listas para hornear bolsa de 1 kilo. Rebanadas especiadas clasicas para pizza americana. Formato institucional mayoreo para alto volumen.
carnes_frias-0048,carnes_frias,Salami de Genova Rebanado 500g Presentacion Mayoreo,Chimex,pieza,1.0,351.5,55,Salami italiano estilo genova rebanado fino 500 gramos. Embutido curado con pimienta para baguette y pizzas. Formato institucional mayoreo para alto volumen.
carnes_frias-0049,carnes_frias,Crema de Vaca Entera Pasteurizada 4L Presentacion Mayoreo,Tangamanga,litro,8.0,536.5,62,Crema acida de leche pura de vaca cubeta 4 litros. Crema espesa para enchiladas chilaquiles tostadas y flautas. Formato institucional mayoreo para alto volumen.
carnes_frias-0050,carnes_frias,Mantequilla Sin Sal Barra Repostera 1kg Presentacion Mayoreo,NocheBuena,kg,2.0,388.5,69,Mantequilla pura de vaca sin sal bloque de 1 kilo. Grasa lactea para reposteria salsas francesas y plancha. Formato institucional mayoreo para alto volumen.
carnes_frias-0051,carnes_frias,Mantequilla Con Sal Porciones Individuales Caja 200 Presentacion Mayoreo,Fud,caja,400.0,888.0,76,Mantequilla porcionada en cubitos de 10g caja con 200 piezas. Mantequillitas de mesa para pan caliente y hot cakes. Formato institucional mayoreo para alto volumen.
carnes_frias-0052,carnes_frias,Pastrami Ahumado New York Style 1kg Presentacion Mayoreo,Bafar,kg,2.0,795.5,18,Pastrami de pecho de res curado y ahumado especiado 1kg. Carne curada para sandwich reuben y deli judio. Formato institucional mayoreo para alto volumen.
carnes_frias-0053,carnes_frias,Roast Beef Horneado Rebanado 1kg Presentacion Mayoreo,Zwan,kg,2.0,851.0,25,Roast beef de res cocido termino medio jugoso rebanado 1 kilo. Carne fria fria o tibia para baguettes gourmet. Formato institucional mayoreo para alto volumen.
carnes_frias-0054,carnes_frias,Chistorra Parrillera Vasca 1kg Presentacion Mayoreo,Chimex,kg,2.0,508.75,32,Chistorra delgada estilo navarro paquete de 1kg. Embutido fresco de cerdo con pimenton para asar o chistorra frita. Formato institucional mayoreo para alto volumen.
carnes_frias-0055,carnes_frias,Queso Parmesano Reggiano Autentico 1kg Presentacion Mayoreo,Tangamanga,kg,2.0,1276.5,1,Queso parmesano italiano anejado en cuna o trozo 1kg. Queso duro para rallar sobre pastas finas y carpaccios. Formato institucional mayoreo para alto volumen.
carnes_frias-0056,carnes_frias,Queso Azul Danesh Blue 1kg Presentacion Mayoreo,NocheBuena,kg,2.0,832.5,46,Queso azul madurado cremoso y penetrante bloque de 1kg. Queso fuerte para aderezo blue cheese de alitas de pollo. Formato institucional mayoreo para alto volumen.
carnes_frias-0057,carnes_frias,Queso Crema Barra Pastelera 1.8kg Presentacion Mayoreo,Fud,pieza,3.6,592.0,53,Queso crema tipo philadelphia barra pastelera 1.8kg. Untable cremoso para sushi rollos pay de queso y dips. Formato institucional mayoreo para alto volumen.
carnes_frias-0058,carnes_frias,Queso Gouda Holandes Barra 3kg Presentacion Mayoreo,Bafar,kg,6.0,1147.0,60,Queso gouda suave importado de holanda barra de 3 kilos. Excelente para fundir gratinar o cortar en cubos. Formato institucional mayoreo para alto volumen.
carnes_frias-0059,carnes_frias,Queso Feta de Leche de Cabra 1kg Presentacion Mayoreo,Zwan,kg,2.0,730.75,67,Queso feta griego en salmuera bote de 1 kilo. Queso blanco salado quebradizo para ensalada griega y mediterranea. Formato institucional mayoreo para alto volumen.
carnes_frias-0060,carnes_frias,Pechuga de Pavo Ahumada Natural 3kg Presentacion Mayoreo,Chimex,pieza,6.0,1332.0,74,Pechuga de pavo ahumada artesanal con corteza dorada 3kg. Fiambre selecto para clubsandwich y ensaladas chef. Formato institucional mayoreo para alto volumen.
carnes_frias-0061,carnes_frias,Salchicha Alemana Frankfurt Gigante 1.5kg Presentacion Mayoreo,Tangamanga,pieza,3.0,518.0,16,Salchicha frankfurter tipo alemana embutido grande paquete 1.5kg. Salchicha crujiente para panes jumbo de jocho. Formato institucional mayoreo para alto volumen.
carnes_frias-0062,carnes_frias,Mortadela con Pistache Italiana 2kg Presentacion Mayoreo,NocheBuena,pieza,4.0,758.5,23,Mortadela de bolonia con pistachos enteros pieza de 2kg. Embutido italiano para focaccias paninis y entradas. Formato institucional mayoreo para alto volumen.
carnes_frias-0063,carnes_frias,Queso Suizo Emmental Rebanado 1kg Presentacion Mayoreo,Fud,kg,2.0,814.0,30,Queso suizo tipo emmental con agujeros rebanado 1kg. Queso dulce con notas a nuez para fondue y hamburguesas suizas. Formato institucional mayoreo para alto volumen.
carnes_frias-0064,carnes_frias,Longaniza de Cerdo Tradicional 2kg Presentacion Mayoreo,Bafar,kg,4.0,462.5,37,Longaniza artesanal de cerdo con chile guajillo tira de 2kg. Tira de embutido para picar en salsa verde o bistec. Formato institucional mayoreo para alto volumen.
carnes_frias-0065,carnes_frias,Queso Tipo Americano Amarillo en Rebanadas 2.2kg Presentacion Compacta,Zwan,pieza,1.1,156.75,44,Queso amarillo de hamburguesa en rebanadas individuales paquete 2.2kg. Queso fundible cheddar para burgers y sandwich. Presentacion chica economica ideal para consumo medido.
carnes_frias-0066,carnes_frias,Queso Manchego Mexicano Barra 3kg Presentacion Compacta,Chimex,pieza,1.5,319.0,51,Queso manchego pasteurizado en bloque o barra 3kg. Queso para gratinar quesadillas molletes y sincronizadas. Presentacion chica economica ideal para consumo medido.
carnes_frias-0067,carnes_frias,Queso Mozzarella Rayado Especial Pizza 2kg Presentacion Compacta,Tangamanga,pieza,1.0,217.25,58,Queso mozzarella rallado bolsa 2 kilos. Queso hebra fundente con excelente estiramiento para pizza y lasana. Presentacion chica economica ideal para consumo medido.
carnes_frias-0068,carnes_frias,Queso Oaxaca Hebra Fresco 3kg Presentacion Compacta,NocheBuena,kg,1.5,286.0,65,Queso de hebra tipo oaxaca artesanal bola de 3 kilos. Quesillo fresco para fundir en tlayudas y costras de queso. Presentacion chica economica ideal para consumo medido.
carnes_frias-0069,carnes_frias,Queso Panela Tradicional Canasta 2kg Presentacion Compacta,Fud,pieza,1.0,170.5,72,Queso fresco de canasta panela barra 2kg. Queso blanco bajo en grasa para ensaladas nopales y asar a la plancha. Presentacion chica economica ideal para consumo medido.
carnes_frias-0070,carnes_frias,Jamon de Pierna de Cerdo Extra 4kg Presentacion Compacta,Bafar,pieza,2.0,352.0,79,Jamon de pierna horneado barra 4 kilos. Jamon rosa para rebanar en maquina para tortas y sandwiches. Presentacion chica economica ideal para consumo medido.
carnes_frias-0071,carnes_frias,Jamon de Pavo Virginia 3kg Presentacion Compacta,Zwan,pieza,1.5,297.0,21,Jamon de pechuga de pavo virginia pieza de 3kg. Fiambre bajo en grasa embutido fino para desayunos buffet. Presentacion chica economica ideal para consumo medido.
carnes_frias-0072,carnes_frias,Jamon Serrano Reserva Espanol Rebanado 500g Presentacion Compacta,Chimex,pieza,0.25,198.0,28,Jamon serrano curado madurado paquete de 500g rebanado fino. Tapa espanola charcuteria fina para tablas de quesos. Presentacion chica economica ideal para consumo medido.
carnes_frias-0073,carnes_frias,Tocino Ahumado Rebanado Especial 1kg Presentacion Compacta,Tangamanga,kg,0.5,126.5,35,Tocino ahumado de panceta de cerdo rebanado 1 kilo. Tocineta crujiente para hamburguesas huevos con tocino y guisados. Presentacion chica economica ideal para consumo medido.
carnes_frias-0074,carnes_frias,Tocino Grueso en Tiras Plancha 2kg Presentacion Compacta,NocheBuena,kg,1.0,231.0,42,Tocino corte grueso ahumado paquete 2kg. Tiras de tocino resistentes para envolver camarones o asar a la parrilla. Presentacion chica economica ideal para consumo medido.
carnes_frias-0075,carnes_frias,Salchicha de Pavo para Hot Dog 2kg Presentacion Compacta,Fud,pieza,1.0,107.25,49,Salchichas de pavo para jocho paquete con 40 piezas 2kg. Embutido para hot dogs infantiles y salchipulpos. Presentacion chica economica ideal para consumo medido.
carnes_frias-0076,carnes_frias,Salchicha para Asar con Queso 1kg Presentacion Compacta,Bafar,kg,0.5,90.75,56,Salchichon polaco para asar relleno con queso fundido 1kg. Salchicha parrillera asada para botana de carnita asada. Presentacion chica economica ideal para consumo medido.
carnes_frias-0077,carnes_frias,Chorizo Espanol Madurado Cantimpalo 1kg Presentacion Compacta,Zwan,kg,0.5,209.0,63,Chorizo tipo cantimpalo seco rebanable paquete 1kg. Embutido curado con pimenton para pizzas y tapas. Presentacion chica economica ideal para consumo medido.
carnes_frias-0078,carnes_frias,Chorizo Rojo Casero para Desmenuzar 2kg Presentacion Compacta,Chimex,kg,1.0,159.5,70,Chorizo rojo norteno molido en tripita 2 kilos. Embutido adobado para chori-queso huevos al gusto y tacos. Presentacion chica economica ideal para consumo medido.
carnes_frias-0079,carnes_frias,Pepperoni Rebanado para Pizza 1kg Presentacion Compacta,Tangamanga,kg,0.5,143.0,77,Pepperoni en rodajas listas para hornear bolsa de 1 kilo. Rebanadas especiadas clasicas para pizza americana. Presentacion chica economica ideal para consumo medido.
carnes_frias-0080,carnes_frias,Salami de Genova Rebanado 500g Presentacion Compacta,NocheBuena,pieza,0.25,104.5,19,Salami italiano estilo genova rebanado fino 500 gramos. Embutido curado con pimienta para baguette y pizzas. Presentacion chica economica ideal para consumo medido.
carnes_frias-0081,carnes_frias,Crema de Vaca Entera Pasteurizada 4L Presentacion Compacta,Fud,litro,2.0,159.5,26,Crema acida de leche pura de vaca cubeta 4 litros. Crema espesa para enchiladas chilaquiles tostadas y flautas. Presentacion chica economica ideal para consumo medido.
carnes_frias-0082,carnes_frias,Mantequilla Sin Sal Barra Repostera 1kg Presentacion Compacta,Bafar,kg,0.5,115.5,1,Mantequilla pura de vaca sin sal bloque de 1 kilo. Grasa lactea para reposteria salsas francesas y plancha. Presentacion chica economica ideal para consumo medido.
carnes_frias-0083,carnes_frias,Mantequilla Con Sal Porciones Individuales Caja 200 Presentacion Compacta,Zwan,caja,100.0,264.0,40,Mantequilla porcionada en cubitos de 10g caja con 200 piezas. Mantequillitas de mesa para pan caliente y hot cakes. Presentacion chica economica ideal para consumo medido.
carnes_frias-0084,carnes_frias,Pastrami Ahumado New York Style 1kg Presentacion Compacta,Chimex,kg,0.5,236.5,47,Pastrami de pecho de res curado y ahumado especiado 1kg. Carne curada para sandwich reuben y deli judio. Presentacion chica economica ideal para consumo medido.
carnes_frias-0085,carnes_frias,Roast Beef Horneado Rebanado 1kg Presentacion Compacta,Tangamanga,kg,0.5,253.0,54,Roast beef de res cocido termino medio jugoso rebanado 1 kilo. Carne fria fria o tibia para baguettes gourmet. Presentacion chica economica ideal para consumo medido.
carnes_frias-0086,carnes_frias,Chistorra Parrillera Vasca 1kg Presentacion Compacta,NocheBuena,kg,0.5,151.25,61,Chistorra delgada estilo navarro paquete de 1kg. Embutido fresco de cerdo con pimenton para asar o chistorra frita. Presentacion chica economica ideal para consumo medido.
carnes_frias-0087,carnes_frias,Queso Parmesano Reggiano Autentico 1kg Presentacion Compacta,Fud,kg,0.5,379.5,68,Queso parmesano italiano anejado en cuna o trozo 1kg. Queso duro para rallar sobre pastas finas y carpaccios. Presentacion chica economica ideal para consumo medido.
carnes_frias-0088,carnes_frias,Queso Azul Danesh Blue 1kg Presentacion Compacta,Bafar,kg,0.5,247.5,75,Queso azul madurado cremoso y penetrante bloque de 1kg. Queso fuerte para aderezo blue cheese de alitas de pollo. Presentacion chica economica ideal para consumo medido.
carnes_frias-0089,carnes_frias,Queso Crema Barra Pastelera 1.8kg Presentacion Compacta,Zwan,pieza,0.9,176.0,17,Queso crema tipo philadelphia barra pastelera 1.8kg. Untable cremoso para sushi rollos pay de queso y dips. Presentacion chica economica ideal para consumo medido.
carnes_frias-0090,carnes_frias,Queso Gouda Holandes Barra 3kg Presentacion Compacta,Chimex,kg,1.5,341.0,24,Queso gouda suave importado de holanda barra de 3 kilos. Excelente para fundir gratinar o cortar en cubos. Presentacion chica economica ideal para consumo medido.
carnes_frias-0091,carnes_frias,Queso Feta de Leche de Cabra 1kg Presentacion Compacta,Tangamanga,kg,0.5,217.25,31,Queso feta griego en salmuera bote de 1 kilo. Queso blanco salado quebradizo para ensalada griega y mediterranea. Presentacion chica economica ideal para consumo medido.
carnes_frias-0092,carnes_frias,Pechuga de Pavo Ahumada Natural 3kg Presentacion Compacta,NocheBuena,pieza,1.5,396.0,38,Pechuga de pavo ahumada artesanal con corteza dorada 3kg. Fiambre selecto para clubsandwich y ensaladas chef. Presentacion chica economica ideal para consumo medido.
carnes_frias-0093,carnes_frias,Salchicha Alemana Frankfurt Gigante 1.5kg Presentacion Compacta,Fud,pieza,0.75,154.0,45,Salchicha frankfurter tipo alemana embutido grande paquete 1.5kg. Salchicha crujiente para panes jumbo de jocho. Presentacion chica economica ideal para consumo medido.
carnes_frias-0094,carnes_frias,Mortadela con Pistache Italiana 2kg Presentacion Compacta,Bafar,pieza,1.0,225.5,52,Mortadela de bolonia con pistachos enteros pieza de 2kg. Embutido italiano para focaccias paninis y entradas. Presentacion chica economica ideal para consumo medido.
carnes_frias-0095,carnes_frias,Queso Suizo Emmental Rebanado 1kg Presentacion Compacta,Zwan,kg,0.5,242.0,59,Queso suizo tipo emmental con agujeros rebanado 1kg. Queso dulce con notas a nuez para fondue y hamburguesas suizas. Presentacion chica economica ideal para consumo medido.
carnes_frias-0096,carnes_frias,Longaniza de Cerdo Tradicional 2kg Presentacion Compacta,Chimex,kg,1.0,137.5,66,Longaniza artesanal de cerdo con chile guajillo tira de 2kg. Tira de embutido para picar en salsa verde o bistec. Presentacion chica economica ideal para consumo medido.
carnes_frias-0097,carnes_frias,Queso Tipo Americano Amarillo en Rebanadas 2.2kg Seleccion Especial,Tangamanga,pieza,2.2,356.25,73,Queso amarillo de hamburguesa en rebanadas individuales paquete 2.2kg. Queso fundible cheddar para burgers y sandwich. Calidad seleccionada grado restaurantero premium.
carnes_frias-0098,carnes_frias,Queso Manchego Mexicano Barra 3kg Seleccion Especial,NocheBuena,pieza,3.0,725.0,15,Queso manchego pasteurizado en bloque o barra 3kg. Queso para gratinar quesadillas molletes y sincronizadas. Calidad seleccionada grado restaurantero premium.
carnes_frias-0099,carnes_frias,Queso Mozzarella Rayado Especial Pizza 2kg Seleccion Especial,Fud,pieza,2.0,493.75,22,Queso mozzarella rallado bolsa 2 kilos. Queso hebra fundente con excelente estiramiento para pizza y lasana. Calidad seleccionada grado restaurantero premium.
carnes_frias-0100,carnes_frias,Queso Oaxaca Hebra Fresco 3kg Seleccion Especial,Bafar,kg,3.0,650.0,29,Queso de hebra tipo oaxaca artesanal bola de 3 kilos. Quesillo fresco para fundir en tlayudas y costras de queso. Calidad seleccionada grado restaurantero premium.
carnes_frias-0101,carnes_frias,Queso Panela Tradicional Canasta 2kg Seleccion Especial,Zwan,pieza,2.0,387.5,36,Queso fresco de canasta panela barra 2kg. Queso blanco bajo en grasa para ensaladas nopales y asar a la plancha. Calidad seleccionada grado restaurantero premium.
carnes_frias-0102,carnes_frias,Jamon de Pierna de Cerdo Extra 4kg Seleccion Especial,Chimex,pieza,4.0,800.0,43,Jamon de pierna horneado barra 4 kilos. Jamon rosa para rebanar en maquina para tortas y sandwiches. Calidad seleccionada grado restaurantero premium.
carnes_frias-0103,carnes_frias,Jamon de Pavo Virginia 3kg Seleccion Especial,Tangamanga,pieza,3.0,675.0,50,Jamon de pechuga de pavo virginia pieza de 3kg. Fiambre bajo en grasa embutido fino para desayunos buffet. Calidad seleccionada grado restaurantero premium.
carnes_frias-0104,carnes_frias,Jamon Serrano Reserva Espanol Rebanado 500g Seleccion Especial,NocheBuena,pieza,0.5,450.0,57,Jamon serrano curado madurado paquete de 500g rebanado fino. Tapa espanola charcuteria fina para tablas de quesos. Calidad seleccionada grado restaurantero premium.
carnes_frias-0105,carnes_frias,Tocino Ahumado Rebanado Especial 1kg Seleccion Especial,Fud,kg,1.0,287.5,64,Tocino ahumado de panceta de cerdo rebanado 1 kilo. Tocineta crujiente para hamburguesas huevos con tocino y guisados. Calidad seleccionada grado restaurantero premium.
carnes_frias-0106,carnes_frias,Tocino Grueso en Tiras Plancha 2kg Seleccion Especial,Bafar,kg,2.0,525.0,71,Tocino corte grueso ahumado paquete 2kg. Tiras de tocino resistentes para envolver camarones o asar a la parrilla. Calidad seleccionada grado restaurantero premium.
carnes_frias-0107,carnes_frias,Salchicha de Pavo para Hot Dog 2kg Seleccion Especial,Zwan,pieza,2.0,243.75,78,Salchichas de pavo para jocho paquete con 40 piezas 2kg. Embutido para hot dogs infantiles y salchipulpos. Calidad seleccionada grado restaurantero premium.
carnes_frias-0108,carnes_frias,Salchicha para Asar con Queso 1kg Seleccion Especial,Chimex,kg,1.0,206.25,20,Salchichon polaco para asar relleno con queso fundido 1kg. Salchicha parrillera asada para botana de carnita asada. Calidad seleccionada grado restaurantero premium.
carnes_frias-0109,carnes_frias,Chorizo Espanol Madurado Cantimpalo 1kg Seleccion Especial,Tangamanga,kg,1.0,475.0,1,Chorizo tipo cantimpalo seco rebanable paquete 1kg. Embutido curado con pimenton para pizzas y tapas. Calidad seleccionada grado restaurantero premium.
carnes_frias-0110,carnes_frias,Chorizo Rojo Casero para Desmenuzar 2kg Seleccion Especial,NocheBuena,kg,2.0,362.5,34,Chorizo rojo norteno molido en tripita 2 kilos. Embutido adobado para chori-queso huevos al gusto y tacos. Calidad seleccionada grado restaurantero premium.
carnes_frias-0111,carnes_frias,Pepperoni Rebanado para Pizza 1kg Seleccion Especial,Fud,kg,1.0,325.0,41,Pepperoni en rodajas listas para hornear bolsa de 1 kilo. Rebanadas especiadas clasicas para pizza americana. Calidad seleccionada grado restaurantero premium.
carnes_frias-0112,carnes_frias,Salami de Genova Rebanado 500g Seleccion Especial,Bafar,pieza,0.5,237.5,48,Salami italiano estilo genova rebanado fino 500 gramos. Embutido curado con pimienta para baguette y pizzas. Calidad seleccionada grado restaurantero premium.
carnes_frias-0113,carnes_frias,Crema de Vaca Entera Pasteurizada 4L Seleccion Especial,Zwan,litro,4.0,362.5,55,Crema acida de leche pura de vaca cubeta 4 litros. Crema espesa para enchiladas chilaquiles tostadas y flautas. Calidad seleccionada grado restaurantero premium.
carnes_frias-0114,carnes_frias,Mantequilla Sin Sal Barra Repostera 1kg Seleccion Especial,Chimex,kg,1.0,262.5,62,Mantequilla pura de vaca sin sal bloque de 1 kilo. Grasa lactea para reposteria salsas francesas y plancha. Calidad seleccionada grado restaurantero premium.
carnes_frias-0115,carnes_frias,Mantequilla Con Sal Porciones Individuales Caja 200 Seleccion Especial,Tangamanga,caja,200.0,600.0,69,Mantequilla porcionada en cubitos de 10g caja con 200 piezas. Mantequillitas de mesa para pan caliente y hot cakes. Calidad seleccionada grado restaurantero premium.
carnes_frias-0116,carnes_frias,Pastrami Ahumado New York Style 1kg Seleccion Especial,NocheBuena,kg,1.0,537.5,76,Pastrami de pecho de res curado y ahumado especiado 1kg. Carne curada para sandwich reuben y deli judio. Calidad seleccionada grado restaurantero premium.
carnes_frias-0117,carnes_frias,Roast Beef Horneado Rebanado 1kg Seleccion Especial,Fud,kg,1.0,575.0,18,Roast beef de res cocido termino medio jugoso rebanado 1 kilo. Carne fria fria o tibia para baguettes gourmet. Calidad seleccionada grado restaurantero premium.
carnes_frias-0118,carnes_frias,Chistorra Parrillera Vasca 1kg Seleccion Especial,Bafar,kg,1.0,343.75,25,Chistorra delgada estilo navarro paquete de 1kg. Embutido fresco de cerdo con pimenton para asar o chistorra frita. Calidad seleccionada grado restaurantero premium.
carnes_frias-0119,carnes_frias,Queso Parmesano Reggiano Autentico 1kg Seleccion Especial,Zwan,kg,1.0,862.5,32,Queso parmesano italiano anejado en cuna o trozo 1kg. Queso duro para rallar sobre pastas finas y carpaccios. Calidad seleccionada grado restaurantero premium.
carnes_frias-0120,carnes_frias,Queso Azul Danesh Blue 1kg Seleccion Especial,Chimex,kg,1.0,562.5,39,Queso azul madurado cremoso y penetrante bloque de 1kg. Queso fuerte para aderezo blue cheese de alitas de pollo. Calidad seleccionada grado restaurantero premium.
carnes_frias-0121,carnes_frias,Queso Crema Barra Pastelera 1.8kg Seleccion Especial,Tangamanga,pieza,1.8,400.0,46,Queso crema tipo philadelphia barra pastelera 1.8kg. Untable cremoso para sushi rollos pay de queso y dips. Calidad seleccionada grado restaurantero premium.
carnes_frias-0122,carnes_frias,Queso Gouda Holandes Barra 3kg Seleccion Especial,NocheBuena,kg,3.0,775.0,53,Queso gouda suave importado de holanda barra de 3 kilos. Excelente para fundir gratinar o cortar en cubos. Calidad seleccionada grado restaurantero premium.
carnes_frias-0123,carnes_frias,Queso Feta de Leche de Cabra 1kg Seleccion Especial,Fud,kg,1.0,493.75,60,Queso feta griego en salmuera bote de 1 kilo. Queso blanco salado quebradizo para ensalada griega y mediterranea. Calidad seleccionada grado restaurantero premium.
carnes_frias-0124,carnes_frias,Pechuga de Pavo Ahumada Natural 3kg Seleccion Especial,Bafar,pieza,3.0,900.0,67,Pechuga de pavo ahumada artesanal con corteza dorada 3kg. Fiambre selecto para clubsandwich y ensaladas chef. Calidad seleccionada grado restaurantero premium.
carnes_frias-0125,carnes_frias,Salchicha Alemana Frankfurt Gigante 1.5kg Seleccion Especial,Zwan,pieza,1.5,350.0,74,Salchicha frankfurter tipo alemana embutido grande paquete 1.5kg. Salchicha crujiente para panes jumbo de jocho. Calidad seleccionada grado restaurantero premium.
carnes_frias-0126,carnes_frias,Mortadela con Pistache Italiana 2kg Seleccion Especial,Chimex,pieza,2.0,512.5,16,Mortadela de bolonia con pistachos enteros pieza de 2kg. Embutido italiano para focaccias paninis y entradas. Calidad seleccionada grado restaurantero premium.
carnes_frias-0127,carnes_frias,Queso Suizo Emmental Rebanado 1kg Seleccion Especial,Tangamanga,kg,1.0,550.0,23,Queso suizo tipo emmental con agujeros rebanado 1kg. Queso dulce con notas a nuez para fondue y hamburguesas suizas. Calidad seleccionada grado restaurantero premium.
carnes_frias-0128,carnes_frias,Longaniza de Cerdo Tradicional 2kg Seleccion Especial,NocheBuena,kg,2.0,312.5,30,Longaniza artesanal de cerdo con chile guajillo tira de 2kg. Tira de embutido para picar en salsa verde o bistec. Calidad seleccionada grado restaurantero premium.
carnes_frias-0129,carnes_frias,Queso Tipo Americano Amarillo en Rebanadas 2.2kg Empaque Economico,Fud,pieza,2.2,242.25,37,Queso amarillo de hamburguesa en rebanadas individuales paquete 2.2kg. Queso fundible cheddar para burgers y sandwich. Version economica competitiva para optimizacion de costos.
carnes_frias-0130,carnes_frias,Queso Manchego Mexicano Barra 3kg Empaque Economico,Bafar,pieza,3.0,493.0,44,Queso manchego pasteurizado en bloque o barra 3kg. Queso para gratinar quesadillas molletes y sincronizadas. Version economica competitiva para optimizacion de costos.
carnes_frias-0131,carnes_frias,Queso Mozzarella Rayado Especial Pizza 2kg Empaque Economico,Zwan,pieza,2.0,335.75,51,Queso mozzarella rallado bolsa 2 kilos. Queso hebra fundente con excelente estiramiento para pizza y lasana. Version economica competitiva para optimizacion de costos.
carnes_frias-0132,carnes_frias,Queso Oaxaca Hebra Fresco 3kg Empaque Economico,Chimex,kg,3.0,442.0,58,Queso de hebra tipo oaxaca artesanal bola de 3 kilos. Quesillo fresco para fundir en tlayudas y costras de queso. Version economica competitiva para optimizacion de costos.
carnes_frias-0133,carnes_frias,Queso Panela Tradicional Canasta 2kg Empaque Economico,Tangamanga,pieza,2.0,263.5,65,Queso fresco de canasta panela barra 2kg. Queso blanco bajo en grasa para ensaladas nopales y asar a la plancha. Version economica competitiva para optimizacion de costos.
carnes_frias-0134,carnes_frias,Jamon de Pierna de Cerdo Extra 4kg Empaque Economico,NocheBuena,pieza,4.0,544.0,72,Jamon de pierna horneado barra 4 kilos. Jamon rosa para rebanar en maquina para tortas y sandwiches. Version economica competitiva para optimizacion de costos.
carnes_frias-0135,carnes_frias,Jamon de Pavo Virginia 3kg Empaque Economico,Fud,pieza,3.0,459.0,79,Jamon de pechuga de pavo virginia pieza de 3kg. Fiambre bajo en grasa embutido fino para desayunos buffet. Version economica competitiva para optimizacion de costos.
carnes_frias-0136,carnes_frias,Jamon Serrano Reserva Espanol Rebanado 500g Empaque Economico,Bafar,pieza,0.5,306.0,1,Jamon serrano curado madurado paquete de 500g rebanado fino. Tapa espanola charcuteria fina para tablas de quesos. Version economica competitiva para optimizacion de costos.
carnes_frias-0137,carnes_frias,Tocino Ahumado Rebanado Especial 1kg Empaque Economico,Zwan,kg,1.0,195.5,28,Tocino ahumado de panceta de cerdo rebanado 1 kilo. Tocineta crujiente para hamburguesas huevos con tocino y guisados. Version economica competitiva para optimizacion de costos.
carnes_frias-0138,carnes_frias,Tocino Grueso en Tiras Plancha 2kg Empaque Economico,Chimex,kg,2.0,357.0,35,Tocino corte grueso ahumado paquete 2kg. Tiras de tocino resistentes para envolver camarones o asar a la parrilla. Version economica competitiva para optimizacion de costos.
carnes_frias-0139,carnes_frias,Salchicha de Pavo para Hot Dog 2kg Empaque Economico,Tangamanga,pieza,2.0,165.75,42,Salchichas de pavo para jocho paquete con 40 piezas 2kg. Embutido para hot dogs infantiles y salchipulpos. Version economica competitiva para optimizacion de costos.
carnes_frias-0140,carnes_frias,Salchicha para Asar con Queso 1kg Empaque Economico,NocheBuena,kg,1.0,140.25,49,Salchichon polaco para asar relleno con queso fundido 1kg. Salchicha parrillera asada para botana de carnita asada. Version economica competitiva para optimizacion de costos.
carnes_frias-0141,carnes_frias,Chorizo Espanol Madurado Cantimpalo 1kg Empaque Economico,Fud,kg,1.0,323.0,56,Chorizo tipo cantimpalo seco rebanable paquete 1kg. Embutido curado con pimenton para pizzas y tapas. Version economica competitiva para optimizacion de costos.
carnes_frias-0142,carnes_frias,Chorizo Rojo Casero para Desmenuzar 2kg Empaque Economico,Bafar,kg,2.0,246.5,63,Chorizo rojo norteno molido en tripita 2 kilos. Embutido adobado para chori-queso huevos al gusto y tacos. Version economica competitiva para optimizacion de costos.
carnes_frias-0143,carnes_frias,Pepperoni Rebanado para Pizza 1kg Empaque Economico,Zwan,kg,1.0,221.0,70,Pepperoni en rodajas listas para hornear bolsa de 1 kilo. Rebanadas especiadas clasicas para pizza americana. Version economica competitiva para optimizacion de costos.
carnes_frias-0144,carnes_frias,Salami de Genova Rebanado 500g Empaque Economico,Chimex,pieza,0.5,161.5,77,Salami italiano estilo genova rebanado fino 500 gramos. Embutido curado con pimienta para baguette y pizzas. Version economica competitiva para optimizacion de costos.
carnes_frias-0145,carnes_frias,Crema de Vaca Entera Pasteurizada 4L Empaque Economico,Tangamanga,litro,4.0,246.5,19,Crema acida de leche pura de vaca cubeta 4 litros. Crema espesa para enchiladas chilaquiles tostadas y flautas. Version economica competitiva para optimizacion de costos.
carnes_frias-0146,carnes_frias,Mantequilla Sin Sal Barra Repostera 1kg Empaque Economico,NocheBuena,kg,1.0,178.5,26,Mantequilla pura de vaca sin sal bloque de 1 kilo. Grasa lactea para reposteria salsas francesas y plancha. Version economica competitiva para optimizacion de costos.
carnes_frias-0147,carnes_frias,Mantequilla Con Sal Porciones Individuales Caja 200 Empaque Economico,Fud,caja,200.0,408.0,33,Mantequilla porcionada en cubitos de 10g caja con 200 piezas. Mantequillitas de mesa para pan caliente y hot cakes. Version economica competitiva para optimizacion de costos.
carnes_frias-0148,carnes_frias,Pastrami Ahumado New York Style 1kg Empaque Economico,Bafar,kg,1.0,365.5,40,Pastrami de pecho de res curado y ahumado especiado 1kg. Carne curada para sandwich reuben y deli judio. Version economica competitiva para optimizacion de costos.
carnes_frias-0149,carnes_frias,Roast Beef Horneado Rebanado 1kg Empaque Economico,Zwan,kg,1.0,391.0,47,Roast beef de res cocido termino medio jugoso rebanado 1 kilo. Carne fria fria o tibia para baguettes gourmet. Version economica competitiva para optimizacion de costos.
carnes_frias-0150,carnes_frias,Chistorra Parrillera Vasca 1kg Empaque Economico,Chimex,kg,1.0,233.75,54,Chistorra delgada estilo navarro paquete de 1kg. Embutido fresco de cerdo con pimenton para asar o chistorra frita. Version economica competitiva para optimizacion de costos.
carnes_frias-0151,carnes_frias,Queso Parmesano Reggiano Autentico 1kg Empaque Economico,Tangamanga,kg,1.0,586.5,61,Queso parmesano italiano anejado en cuna o trozo 1kg. Queso duro para rallar sobre pastas finas y carpaccios. Version economica competitiva para optimizacion de costos.
carnes_frias-0152,carnes_frias,Queso Azul Danesh Blue 1kg Empaque Economico,NocheBuena,kg,1.0,382.5,68,Queso azul madurado cremoso y penetrante bloque de 1kg. Queso fuerte para aderezo blue cheese de alitas de pollo. Version economica competitiva para optimizacion de costos.
carnes_frias-0153,carnes_frias,Queso Crema Barra Pastelera 1.8kg Empaque Economico,Fud,pieza,1.8,272.0,75,Queso crema tipo philadelphia barra pastelera 1.8kg. Untable cremoso para sushi rollos pay de queso y dips. Version economica competitiva para optimizacion de costos.
carnes_frias-0154,carnes_frias,Queso Gouda Holandes Barra 3kg Empaque Economico,Bafar,kg,3.0,527.0,17,Queso gouda suave importado de holanda barra de 3 kilos. Excelente para fundir gratinar o cortar en cubos. Version economica competitiva para optimizacion de costos.
carnes_frias-0155,carnes_frias,Queso Feta de Leche de Cabra 1kg Empaque Economico,Zwan,kg,1.0,335.75,24,Queso feta griego en salmuera bote de 1 kilo. Queso blanco salado quebradizo para ensalada griega y mediterranea. Version economica competitiva para optimizacion de costos.
carnes_frias-0156,carnes_frias,Pechuga de Pavo Ahumada Natural 3kg Empaque Economico,Chimex,pieza,3.0,612.0,31,Pechuga de pavo ahumada artesanal con corteza dorada 3kg. Fiambre selecto para clubsandwich y ensaladas chef. Version economica competitiva para optimizacion de costos.
carnes_frias-0157,carnes_frias,Salchicha Alemana Frankfurt Gigante 1.5kg Empaque Economico,Tangamanga,pieza,1.5,238.0,38,Salchicha frankfurter tipo alemana embutido grande paquete 1.5kg. Salchicha crujiente para panes jumbo de jocho. Version economica competitiva para optimizacion de costos.
carnes_frias-0158,carnes_frias,Mortadela con Pistache Italiana 2kg Empaque Economico,NocheBuena,pieza,2.0,348.5,45,Mortadela de bolonia con pistachos enteros pieza de 2kg. Embutido italiano para focaccias paninis y entradas. Version economica competitiva para optimizacion de costos.
carnes_frias-0159,carnes_frias,Queso Suizo Emmental Rebanado 1kg Empaque Economico,Fud,kg,1.0,374.0,52,Queso suizo tipo emmental con agujeros rebanado 1kg. Queso dulce con notas a nuez para fondue y hamburguesas suizas. Version economica competitiva para optimizacion de costos.
carnes_frias-0160,carnes_frias,Longaniza de Cerdo Tradicional 2kg Empaque Economico,Bafar,kg,2.0,212.5,59,Longaniza artesanal de cerdo con chile guajillo tira de 2kg. Tira de embutido para picar en salsa verde o bistec. Version economica competitiva para optimizacion de costos.
carnes-0001,carnes,Carne Molida de Res Especial 80-20 5kg,SuKarne,kg,5.0,750.0,30,Carne molida de res 80/20 magra con grasa ideal paquete 5kg. Carne para hamburguesas jugosas albondigas y picadillo.
carnes-0002,carnes,Arrachera Marinada Suave de Res 5kg,SuKarne,kg,5.0,1150.0,25,Arrachera de res marinada suave y tierna caja de 5 kilos. Corte marinada para parrilladas tacos de arrachera y fajitas.
carnes-0003,carnes,Pechuga de Pollo sin Piel sin Hueso 10kg,Bachoco,caja,10.0,1280.0,35,Pechuga de pollo limpia deshuesada y desgrasada caja 10kg. Filete de pollo para asar empanizar o deshebrar en caldo.
carnes-0004,carnes,Pierna y Muslo de Pollo Mixto 10kg,Pilgrims,caja,10.0,580.0,40,Pierna y muslo de pollo fresco en corte anatomico caja 10kg. Pollo para mole guisados frito estilo kansas y consomé.
carnes-0005,carnes,Alitas de Pollo Enteras para Botanera 10kg,Tyson,caja,10.0,920.0,28,Alitas de pollo botaneras con punta y codillo caja 10 kilos. Alitas crudas para freir banar en bufalo bbq o mango habanero.
carnes-0006,carnes,Bistec de Res Suave para Taqueria 5kg,Rancho Don Juan,kg,5.0,890.0,30,Bistec de pulpa blanca de res en milanesa o rebanado paquete 5kg. Carne de res para tacos al carbon fajitas y huaraches.
carnes-0007,carnes,Costilla de Res Cargada para Caldo 5kg,SuKarne,kg,5.0,680.0,20,Costillar cargado de res cortado en trozos paquete 5kg. Hueso con carne con sabor concentrado para caldo de res y puchero.
carnes-0008,carnes,Rib Eye Choice Calidad Importada 4kg,Certified Angus Beef,caja,4.0,2450.0,12,Corte fino ribeye importado calidad angus choice paquete 4kg. Ojo de bife marmoleado para asador y cortes premium.
carnes-0009,carnes,New York Steak Corte Americano 4kg,Sterling Silver,caja,4.0,2200.0,1,Corte new york strip corte americano grueso 4kg. Bife de lomo sin hueso de alta terneza para parrilla y restaurante fino.
carnes-0010,carnes,Tomahawk Steak con Hueso Largo 3kg,Rancho San Jose,caja,3.0,1890.0,8,Chuleton tomahawk de res con costilla larga limpia 3kg. Corte vistoso para compartir y presentacion estrella de parrilla.
carnes-0011,carnes,Suadero de Res Fresco Limpio 5kg,Carnes La Paz,kg,5.0,720.0,35,Suadero de res entero para confitar en manteca paquete 5kg. Carne suave con grasa para tacos de taqueria de banqueta.
carnes-0012,carnes,Carne de Pastor Marinada de Cerdo 5kg,El Mayoral,kg,5.0,640.0,30,Pulpa de cerdo rebanada marinada en adobo de achiote 5kg. Carne adobada lista para trompo al pastor gringas y tacos.
carnes-0013,carnes,Chuleta de Cerdo Ahumada Rebanada 5kg,Kowi,kg,5.0,590.0,24,Chuleta ahumada de lomo de cerdo con hueso caja 5kg. Chuletitas rosadas listas para dorar en sarten a la hawaiana.
carnes-0014,carnes,Costillar de Cerdo Baby Back Ribs 5kg,Smithfield,caja,5.0,890.0,18,Costillitas de cerdo baby back tiernas congeladas caja 5kg. Costillar suave para banar con salsa barbacoa estilo texas.
carnes-0015,carnes,Pulpa de Cerdo en Cubos para Carnitas 5kg,Kowi,kg,5.0,540.0,28,Trozos de maciza y pierna de cerdo seleccionada 5kg. Carne limpia para preparar carnitas estilo michoacan y pozole.
carnes-0016,carnes,Manteca de Cerdo Pura de Cazo 10kg,El Ranchero,caja,10.0,510.0,30,Manteca de cerdo filtrada en cubeta de 10kg. Grasa de puerco para freir carnitas dar sabor a tamales y frijoles.
carnes-0017,carnes,Chicharron Prensado Botanero Guisado 5kg,Don Chema,kg,5.0,680.0,22,Chicharron prensado guisado con chile guajillo bolsa 5kg. Relleno tipico para gorditas quesadillas y tlacoyos de mercado.
carnes-0018,carnes,Carne para Hamburguesa Sirloin 150g Caja 40,Golden Bull,caja,6.0,820.0,20,Patty de carne de sirloin 150g congelado caja 40 piezas. Hamburguesa congelada uniforme lista para plancha comercial.
carnes-0019,carnes,Filete de Tilapia sin Espinas 5kg,Mar de Cortes,caja,5.0,620.0,30,Filetes de pescado blanco tilapia congelados individualmente 5kg. Filete para empapelado ceviche y tacos de pescado.
carnes-0020,carnes,Camaron Pacotilla Mediano Cocido 5kg,Ocean Garden,caja,5.0,1450.0,15,Camaron cocido pacotilla pelado y desvenado caja 5kg. Mariscos para coctel de camaron campechanas y ensaladas del mar.
carnes-0021,carnes,Camaron U15 para Pelar Crudo 5kg,Ocean Garden,caja,5.0,2100.0,2,Camaron azul gigante con cabeza talla u15 caja 5 kilos. Camaron parrillero para aguachile empanizado y al ajillo.
carnes-0022,carnes,Puntas de Filete de Res para Guisado 5kg,SuKarne,kg,5.0,980.0,18,Puntas y recortes limpios de filete de res paquete 5kg. Carne tierna para puntas a la mexicana o en salsa pasilla.
carnes-0023,carnes,Tuetano de Res en Canoa Canutillo 5kg,Rancho Don Juan,kg,5.0,490.0,22,Huesos de res cortados a la mitad estilo canoa 5kg. Tuetano para asar al carbon con sal de grano y servir en taco.
carnes-0024,carnes,Chamberete de Res con Hueso Ossobuco 5kg,SuKarne,kg,5.0,640.0,25,Chamberete con tuetano cortado en rodajas 5kg. Corte para estofado largo caldo de osobuco y guisados de olla.
carnes-0025,carnes,Tiras de Pollo Fajita Tender Crispy 5kg,Tyson,caja,5.0,690.0,30,Tiras de pechuga de pollo marinadas tipo tenders 5kg. Tenders para freir rapido en combos infantiles y wraps.
carnes-0026,carnes,Menudo Pancita de Res Limpia Precocida 5kg,El Parral,kg,5.0,550.0,20,Panza de res de libro y panal cocida limpia 5kg. Pancita para menudo blanco o rojo estilo norteño o michoacano.
carnes-0027,carnes,Tripa de Res Precocida para Tacos 5kg,Carnes La Paz,kg,5.0,630.0,24,Tripitas de res lavadas hervidas listas para dorar 5kg. Tripa dorada o tierna crujiente para taqueria de especialidad.
carnes-0028,carnes,Lengua de Res Entera Limpia 3kg,Rancho San Jose,pieza,3.0,960.0,3,Lengua de res entera fresca empacada al vacio 3kg. Lengua suave para tacos en salsa verde vinagreta o a la veracruzana.
carnes-0029,carnes,Costilla de Cerdo en Trozos para Fritanga 5kg,Kowi,kg,5.0,580.0,25,Costillitas de puerco troceadas en cubos pequenos 5kg. Costilla para salsa verde con verdolagas y adobos caseros.
carnes-0030,carnes,Molida de Pollo Magra de Pechuga 5kg,Bachoco,kg,5.0,640.0,22,Carne molida 100% pechuga de pollo sin grasa 5kg. Proteina ligera para hamburguesas fitness y albondigas dieteticas.
carnes-0031,carnes,Cabeza de Lomo de Cerdo Boneless 5kg,Smithfield,kg,5.0,560.0,28,Cabeza de lomo deshuesada marmoleada de puerco 5kg. Trozo jugoso para pulled pork estilo bbq o asados al horno.
carnes-0032,carnes,Milanesa de Res de Pulpa Negra 5kg,SuKarne,kg,5.0,920.0,26,Milanesas delgadas de pulpa negra sin nervio paquete 5kg. Filetes listos para empanizar tortas y tacos acorazados.
carnes-0033,carnes,Carne Molida de Res Especial 80-20 5kg Presentacion Mayoreo,SuKarne,kg,10.0,1387.5,15,Carne molida de res 80/20 magra con grasa ideal paquete 5kg. Carne para hamburguesas jugosas albondigas y picadillo. Formato institucional mayoreo para alto volumen.
carnes-0034,carnes,Arrachera Marinada Suave de Res 5kg Presentacion Mayoreo,Bachoco,kg,10.0,2127.5,22,Arrachera de res marinada suave y tierna caja de 5 kilos. Corte marinada para parrilladas tacos de arrachera y fajitas. Formato institucional mayoreo para alto volumen.
carnes-0035,carnes,Pechuga de Pollo sin Piel sin Hueso 10kg Presentacion Mayoreo,Kowi,caja,20.0,2368.0,29,Pechuga de pollo limpia deshuesada y desgrasada caja 10kg. Filete de pollo para asar empanizar o deshebrar en caldo. Formato institucional mayoreo para alto volumen.
carnes-0036,carnes,Pierna y Muslo de Pollo Mixto 10kg Presentacion Mayoreo,Pilgrims,caja,20.0,1073.0,36,Pierna y muslo de pollo fresco en corte anatomico caja 10kg. Pollo para mole guisados frito estilo kansas y consomé. Formato institucional mayoreo para alto volumen.
carnes-0037,carnes,Alitas de Pollo Enteras para Botanera 10kg Presentacion Mayoreo,Carnes La Paz,caja,20.0,1702.0,43,Alitas de pollo botaneras con punta y codillo caja 10 kilos. Alitas crudas para freir banar en bufalo bbq o mango habanero. Formato institucional mayoreo para alto volumen.
carnes-0038,carnes,Bistec de Res Suave para Taqueria 5kg Presentacion Mayoreo,Rancho Don Juan,kg,10.0,1646.5,50,Bistec de pulpa blanca de res en milanesa o rebanado paquete 5kg. Carne de res para tacos al carbon fajitas y huaraches. Formato institucional mayoreo para alto volumen.
carnes-0039,carnes,Costilla de Res Cargada para Caldo 5kg Presentacion Mayoreo,SuKarne,kg,10.0,1258.0,57,Costillar cargado de res cortado en trozos paquete 5kg. Hueso con carne con sabor concentrado para caldo de res y puchero. Formato institucional mayoreo para alto volumen.
carnes-0040,carnes,Rib Eye Choice Calidad Importada 4kg Presentacion Mayoreo,Bachoco,caja,8.0,4532.5,64,Corte fino ribeye importado calidad angus choice paquete 4kg. Ojo de bife marmoleado para asador y cortes premium. Formato institucional mayoreo para alto volumen.
carnes-0041,carnes,New York Steak Corte Americano 4kg Presentacion Mayoreo,Kowi,caja,8.0,4070.0,71,Corte new york strip corte americano grueso 4kg. Bife de lomo sin hueso de alta terneza para parrilla y restaurante fino. Formato institucional mayoreo para alto volumen.
carnes-0042,carnes,Tomahawk Steak con Hueso Largo 3kg Presentacion Mayoreo,Pilgrims,caja,6.0,3496.5,78,Chuleton tomahawk de res con costilla larga limpia 3kg. Corte vistoso para compartir y presentacion estrella de parrilla. Formato institucional mayoreo para alto volumen.
carnes-0043,carnes,Suadero de Res Fresco Limpio 5kg Presentacion Mayoreo,Carnes La Paz,kg,10.0,1332.0,20,Suadero de res entero para confitar en manteca paquete 5kg. Carne suave con grasa para tacos de taqueria de banqueta. Formato institucional mayoreo para alto volumen.
carnes-0044,carnes,Carne de Pastor Marinada de Cerdo 5kg Presentacion Mayoreo,Rancho Don Juan,kg,10.0,1184.0,27,Pulpa de cerdo rebanada marinada en adobo de achiote 5kg. Carne adobada lista para trompo al pastor gringas y tacos. Formato institucional mayoreo para alto volumen.
carnes-0045,carnes,Chuleta de Cerdo Ahumada Rebanada 5kg Presentacion Mayoreo,SuKarne,kg,10.0,1091.5,34,Chuleta ahumada de lomo de cerdo con hueso caja 5kg. Chuletitas rosadas listas para dorar en sarten a la hawaiana. Formato institucional mayoreo para alto volumen.
carnes-0046,carnes,Costillar de Cerdo Baby Back Ribs 5kg Presentacion Mayoreo,Bachoco,caja,10.0,1646.5,41,Costillitas de cerdo baby back tiernas congeladas caja 5kg. Costillar suave para banar con salsa barbacoa estilo texas. Formato institucional mayoreo para alto volumen.
carnes-0047,carnes,Pulpa de Cerdo en Cubos para Carnitas 5kg Presentacion Mayoreo,Kowi,kg,10.0,999.0,48,Trozos de maciza y pierna de cerdo seleccionada 5kg. Carne limpia para preparar carnitas estilo michoacan y pozole. Formato institucional mayoreo para alto volumen.
carnes-0048,carnes,Manteca de Cerdo Pura de Cazo 10kg Presentacion Mayoreo,Pilgrims,caja,20.0,943.5,55,Manteca de cerdo filtrada en cubeta de 10kg. Grasa de puerco para freir carnitas dar sabor a tamales y frijoles. Formato institucional mayoreo para alto volumen.
carnes-0049,carnes,Chicharron Prensado Botanero Guisado 5kg Presentacion Mayoreo,Carnes La Paz,kg,10.0,1258.0,62,Chicharron prensado guisado con chile guajillo bolsa 5kg. Relleno tipico para gorditas quesadillas y tlacoyos de mercado. Formato institucional mayoreo para alto volumen.
carnes-0050,carnes,Carne para Hamburguesa Sirloin 150g Caja 40 Presentacion Mayoreo,Rancho Don Juan,caja,12.0,1517.0,69,Patty de carne de sirloin 150g congelado caja 40 piezas. Hamburguesa congelada uniforme lista para plancha comercial. Formato institucional mayoreo para alto volumen.
carnes-0051,carnes,Filete de Tilapia sin Espinas 5kg Presentacion Mayoreo,SuKarne,caja,10.0,1147.0,76,Filetes de pescado blanco tilapia congelados individualmente 5kg. Filete para empapelado ceviche y tacos de pescado. Formato institucional mayoreo para alto volumen.
carnes-0052,carnes,Camaron Pacotilla Mediano Cocido 5kg Presentacion Mayoreo,Bachoco,caja,10.0,2682.5,18,Camaron cocido pacotilla pelado y desvenado caja 5kg. Mariscos para coctel de camaron campechanas y ensaladas del mar. Formato institucional mayoreo para alto volumen.
carnes-0053,carnes,Camaron U15 para Pelar Crudo 5kg Presentacion Mayoreo,Kowi,caja,10.0,3885.0,25,Camaron azul gigante con cabeza talla u15 caja 5 kilos. Camaron parrillero para aguachile empanizado y al ajillo. Formato institucional mayoreo para alto volumen.
carnes-0054,carnes,Puntas de Filete de Res para Guisado 5kg Presentacion Mayoreo,Pilgrims,kg,10.0,1813.0,32,Puntas y recortes limpios de filete de res paquete 5kg. Carne tierna para puntas a la mexicana o en salsa pasilla. Formato institucional mayoreo para alto volumen.
carnes-0055,carnes,Tuetano de Res en Canoa Canutillo 5kg Presentacion Mayoreo,Carnes La Paz,kg,10.0,906.5,1,Huesos de res cortados a la mitad estilo canoa 5kg. Tuetano para asar al carbon con sal de grano y servir en taco. Formato institucional mayoreo para alto volumen.
carnes-0056,carnes,Chamberete de Res con Hueso Ossobuco 5kg Presentacion Mayoreo,Rancho Don Juan,kg,10.0,1184.0,46,Chamberete con tuetano cortado en rodajas 5kg. Corte para estofado largo caldo de osobuco y guisados de olla. Formato institucional mayoreo para alto volumen.
carnes-0057,carnes,Tiras de Pollo Fajita Tender Crispy 5kg Presentacion Mayoreo,SuKarne,caja,10.0,1276.5,53,Tiras de pechuga de pollo marinadas tipo tenders 5kg. Tenders para freir rapido en combos infantiles y wraps. Formato institucional mayoreo para alto volumen.
carnes-0058,carnes,Menudo Pancita de Res Limpia Precocida 5kg Presentacion Mayoreo,Bachoco,kg,10.0,1017.5,60,Panza de res de libro y panal cocida limpia 5kg. Pancita para menudo blanco o rojo estilo norteño o michoacano. Formato institucional mayoreo para alto volumen.
carnes-0059,carnes,Tripa de Res Precocida para Tacos 5kg Presentacion Mayoreo,Kowi,kg,10.0,1165.5,67,Tripitas de res lavadas hervidas listas para dorar 5kg. Tripa dorada o tierna crujiente para taqueria de especialidad. Formato institucional mayoreo para alto volumen.
carnes-0060,carnes,Lengua de Res Entera Limpia 3kg Presentacion Mayoreo,Pilgrims,pieza,6.0,1776.0,74,Lengua de res entera fresca empacada al vacio 3kg. Lengua suave para tacos en salsa verde vinagreta o a la veracruzana. Formato institucional mayoreo para alto volumen.
carnes-0061,carnes,Costilla de Cerdo en Trozos para Fritanga 5kg Presentacion Mayoreo,Carnes La Paz,kg,10.0,1073.0,16,Costillitas de puerco troceadas en cubos pequenos 5kg. Costilla para salsa verde con verdolagas y adobos caseros. Formato institucional mayoreo para alto volumen.
carnes-0062,carnes,Molida de Pollo Magra de Pechuga 5kg Presentacion Mayoreo,Rancho Don Juan,kg,10.0,1184.0,23,Carne molida 100% pechuga de pollo sin grasa 5kg. Proteina ligera para hamburguesas fitness y albondigas dieteticas. Formato institucional mayoreo para alto volumen.
carnes-0063,carnes,Cabeza de Lomo de Cerdo Boneless 5kg Presentacion Mayoreo,SuKarne,kg,10.0,1036.0,30,Cabeza de lomo deshuesada marmoleada de puerco 5kg. Trozo jugoso para pulled pork estilo bbq o asados al horno. Formato institucional mayoreo para alto volumen.
carnes-0064,carnes,Milanesa de Res de Pulpa Negra 5kg Presentacion Mayoreo,Bachoco,kg,10.0,1702.0,37,Milanesas delgadas de pulpa negra sin nervio paquete 5kg. Filetes listos para empanizar tortas y tacos acorazados. Formato institucional mayoreo para alto volumen.
carnes-0065,carnes,Carne Molida de Res Especial 80-20 5kg Presentacion Compacta,Kowi,kg,2.5,412.5,44,Carne molida de res 80/20 magra con grasa ideal paquete 5kg. Carne para hamburguesas jugosas albondigas y picadillo. Presentacion chica economica ideal para consumo medido.
carnes-0066,carnes,Arrachera Marinada Suave de Res 5kg Presentacion Compacta,Pilgrims,kg,2.5,632.5,51,Arrachera de res marinada suave y tierna caja de 5 kilos. Corte marinada para parrilladas tacos de arrachera y fajitas. Presentacion chica economica ideal para consumo medido.
carnes-0067,carnes,Pechuga de Pollo sin Piel sin Hueso 10kg Presentacion Compacta,Carnes La Paz,caja,5.0,704.0,58,Pechuga de pollo limpia deshuesada y desgrasada caja 10kg. Filete de pollo para asar empanizar o deshebrar en caldo. Presentacion chica economica ideal para consumo medido.
carnes-0068,carnes,Pierna y Muslo de Pollo Mixto 10kg Presentacion Compacta,Rancho Don Juan,caja,5.0,319.0,65,Pierna y muslo de pollo fresco en corte anatomico caja 10kg. Pollo para mole guisados frito estilo kansas y consomé. Presentacion chica economica ideal para consumo medido.
carnes-0069,carnes,Alitas de Pollo Enteras para Botanera 10kg Presentacion Compacta,SuKarne,caja,5.0,506.0,72,Alitas de pollo botaneras con punta y codillo caja 10 kilos. Alitas crudas para freir banar en bufalo bbq o mango habanero. Presentacion chica economica ideal para consumo medido.
carnes-0070,carnes,Bistec de Res Suave para Taqueria 5kg Presentacion Compacta,Bachoco,kg,2.5,489.5,79,Bistec de pulpa blanca de res en milanesa o rebanado paquete 5kg. Carne de res para tacos al carbon fajitas y huaraches. Presentacion chica economica ideal para consumo medido.
carnes-0071,carnes,Costilla de Res Cargada para Caldo 5kg Presentacion Compacta,Kowi,kg,2.5,374.0,21,Costillar cargado de res cortado en trozos paquete 5kg. Hueso con carne con sabor concentrado para caldo de res y puchero. Presentacion chica economica ideal para consumo medido.
carnes-0072,carnes,Rib Eye Choice Calidad Importada 4kg Presentacion Compacta,Pilgrims,caja,2.0,1347.5,28,Corte fino ribeye importado calidad angus choice paquete 4kg. Ojo de bife marmoleado para asador y cortes premium. Presentacion chica economica ideal para consumo medido.
carnes-0073,carnes,New York Steak Corte Americano 4kg Presentacion Compacta,Carnes La Paz,caja,2.0,1210.0,35,Corte new york strip corte americano grueso 4kg. Bife de lomo sin hueso de alta terneza para parrilla y restaurante fino. Presentacion chica economica ideal para consumo medido.
carnes-0074,carnes,Tomahawk Steak con Hueso Largo 3kg Presentacion Compacta,Rancho Don Juan,caja,1.5,1039.5,42,Chuleton tomahawk de res con costilla larga limpia 3kg. Corte vistoso para compartir y presentacion estrella de parrilla. Presentacion chica economica ideal para consumo medido.
carnes-0075,carnes,Suadero de Res Fresco Limpio 5kg Presentacion Compacta,SuKarne,kg,2.5,396.0,49,Suadero de res entero para confitar en manteca paquete 5kg. Carne suave con grasa para tacos de taqueria de banqueta. Presentacion chica economica ideal para consumo medido.
carnes-0076,carnes,Carne de Pastor Marinada de Cerdo 5kg Presentacion Compacta,Bachoco,kg,2.5,352.0,56,Pulpa de cerdo rebanada marinada en adobo de achiote 5kg. Carne adobada lista para trompo al pastor gringas y tacos. Presentacion chica economica ideal para consumo medido.
carnes-0077,carnes,Chuleta de Cerdo Ahumada Rebanada 5kg Presentacion Compacta,Kowi,kg,2.5,324.5,63,Chuleta ahumada de lomo de cerdo con hueso caja 5kg. Chuletitas rosadas listas para dorar en sarten a la hawaiana. Presentacion chica economica ideal para consumo medido.
carnes-0078,carnes,Costillar de Cerdo Baby Back Ribs 5kg Presentacion Compacta,Pilgrims,caja,2.5,489.5,70,Costillitas de cerdo baby back tiernas congeladas caja 5kg. Costillar suave para banar con salsa barbacoa estilo texas. Presentacion chica economica ideal para consumo medido.
carnes-0079,carnes,Pulpa de Cerdo en Cubos para Carnitas 5kg Presentacion Compacta,Carnes La Paz,kg,2.5,297.0,77,Trozos de maciza y pierna de cerdo seleccionada 5kg. Carne limpia para preparar carnitas estilo michoacan y pozole. Presentacion chica economica ideal para consumo medido.
carnes-0080,carnes,Manteca de Cerdo Pura de Cazo 10kg Presentacion Compacta,Rancho Don Juan,caja,5.0,280.5,19,Manteca de cerdo filtrada en cubeta de 10kg. Grasa de puerco para freir carnitas dar sabor a tamales y frijoles. Presentacion chica economica ideal para consumo medido.
carnes-0081,carnes,Chicharron Prensado Botanero Guisado 5kg Presentacion Compacta,SuKarne,kg,2.5,374.0,26,Chicharron prensado guisado con chile guajillo bolsa 5kg. Relleno tipico para gorditas quesadillas y tlacoyos de mercado. Presentacion chica economica ideal para consumo medido.
carnes-0082,carnes,Carne para Hamburguesa Sirloin 150g Caja 40 Presentacion Compacta,Bachoco,caja,3.0,451.0,1,Patty de carne de sirloin 150g congelado caja 40 piezas. Hamburguesa congelada uniforme lista para plancha comercial. Presentacion chica economica ideal para consumo medido.
carnes-0083,carnes,Filete de Tilapia sin Espinas 5kg Presentacion Compacta,Kowi,caja,2.5,341.0,40,Filetes de pescado blanco tilapia congelados individualmente 5kg. Filete para empapelado ceviche y tacos de pescado. Presentacion chica economica ideal para consumo medido.
carnes-0084,carnes,Camaron Pacotilla Mediano Cocido 5kg Presentacion Compacta,Pilgrims,caja,2.5,797.5,47,Camaron cocido pacotilla pelado y desvenado caja 5kg. Mariscos para coctel de camaron campechanas y ensaladas del mar. Presentacion chica economica ideal para consumo medido.
carnes-0085,carnes,Camaron U15 para Pelar Crudo 5kg Presentacion Compacta,Carnes La Paz,caja,2.5,1155.0,54,Camaron azul gigante con cabeza talla u15 caja 5 kilos. Camaron parrillero para aguachile empanizado y al ajillo. Presentacion chica economica ideal para consumo medido.
carnes-0086,carnes,Puntas de Filete de Res para Guisado 5kg Presentacion Compacta,Rancho Don Juan,kg,2.5,539.0,61,Puntas y recortes limpios de filete de res paquete 5kg. Carne tierna para puntas a la mexicana o en salsa pasilla. Presentacion chica economica ideal para consumo medido.
carnes-0087,carnes,Tuetano de Res en Canoa Canutillo 5kg Presentacion Compacta,SuKarne,kg,2.5,269.5,68,Huesos de res cortados a la mitad estilo canoa 5kg. Tuetano para asar al carbon con sal de grano y servir en taco. Presentacion chica economica ideal para consumo medido.
carnes-0088,carnes,Chamberete de Res con Hueso Ossobuco 5kg Presentacion Compacta,Bachoco,kg,2.5,352.0,75,Chamberete con tuetano cortado en rodajas 5kg. Corte para estofado largo caldo de osobuco y guisados de olla. Presentacion chica economica ideal para consumo medido.
carnes-0089,carnes,Tiras de Pollo Fajita Tender Crispy 5kg Presentacion Compacta,Kowi,caja,2.5,379.5,17,Tiras de pechuga de pollo marinadas tipo tenders 5kg. Tenders para freir rapido en combos infantiles y wraps. Presentacion chica economica ideal para consumo medido.
carnes-0090,carnes,Menudo Pancita de Res Limpia Precocida 5kg Presentacion Compacta,Pilgrims,kg,2.5,302.5,24,Panza de res de libro y panal cocida limpia 5kg. Pancita para menudo blanco o rojo estilo norteño o michoacano. Presentacion chica economica ideal para consumo medido.
carnes-0091,carnes,Tripa de Res Precocida para Tacos 5kg Presentacion Compacta,Carnes La Paz,kg,2.5,346.5,31,Tripitas de res lavadas hervidas listas para dorar 5kg. Tripa dorada o tierna crujiente para taqueria de especialidad. Presentacion chica economica ideal para consumo medido.
carnes-0092,carnes,Lengua de Res Entera Limpia 3kg Presentacion Compacta,Rancho Don Juan,pieza,1.5,528.0,38,Lengua de res entera fresca empacada al vacio 3kg. Lengua suave para tacos en salsa verde vinagreta o a la veracruzana. Presentacion chica economica ideal para consumo medido.
carnes-0093,carnes,Costilla de Cerdo en Trozos para Fritanga 5kg Presentacion Compacta,SuKarne,kg,2.5,319.0,45,Costillitas de puerco troceadas en cubos pequenos 5kg. Costilla para salsa verde con verdolagas y adobos caseros. Presentacion chica economica ideal para consumo medido.
carnes-0094,carnes,Molida de Pollo Magra de Pechuga 5kg Presentacion Compacta,Bachoco,kg,2.5,352.0,52,Carne molida 100% pechuga de pollo sin grasa 5kg. Proteina ligera para hamburguesas fitness y albondigas dieteticas. Presentacion chica economica ideal para consumo medido.
carnes-0095,carnes,Cabeza de Lomo de Cerdo Boneless 5kg Presentacion Compacta,Kowi,kg,2.5,308.0,59,Cabeza de lomo deshuesada marmoleada de puerco 5kg. Trozo jugoso para pulled pork estilo bbq o asados al horno. Presentacion chica economica ideal para consumo medido.
carnes-0096,carnes,Milanesa de Res de Pulpa Negra 5kg Presentacion Compacta,Pilgrims,kg,2.5,506.0,66,Milanesas delgadas de pulpa negra sin nervio paquete 5kg. Filetes listos para empanizar tortas y tacos acorazados. Presentacion chica economica ideal para consumo medido.
carnes-0097,carnes,Carne Molida de Res Especial 80-20 5kg Seleccion Especial,Carnes La Paz,kg,5.0,937.5,73,Carne molida de res 80/20 magra con grasa ideal paquete 5kg. Carne para hamburguesas jugosas albondigas y picadillo. Calidad seleccionada grado restaurantero premium.
carnes-0098,carnes,Arrachera Marinada Suave de Res 5kg Seleccion Especial,Rancho Don Juan,kg,5.0,1437.5,15,Arrachera de res marinada suave y tierna caja de 5 kilos. Corte marinada para parrilladas tacos de arrachera y fajitas. Calidad seleccionada grado restaurantero premium.
carnes-0099,carnes,Pechuga de Pollo sin Piel sin Hueso 10kg Seleccion Especial,SuKarne,caja,10.0,1600.0,22,Pechuga de pollo limpia deshuesada y desgrasada caja 10kg. Filete de pollo para asar empanizar o deshebrar en caldo. Calidad seleccionada grado restaurantero premium.
carnes-0100,carnes,Pierna y Muslo de Pollo Mixto 10kg Seleccion Especial,Bachoco,caja,10.0,725.0,29,Pierna y muslo de pollo fresco en corte anatomico caja 10kg. Pollo para mole guisados frito estilo kansas y consomé. Calidad seleccionada grado restaurantero premium.
carnes-0101,carnes,Alitas de Pollo Enteras para Botanera 10kg Seleccion Especial,Kowi,caja,10.0,1150.0,36,Alitas de pollo botaneras con punta y codillo caja 10 kilos. Alitas crudas para freir banar en bufalo bbq o mango habanero. Calidad seleccionada grado restaurantero premium.
carnes-0102,carnes,Bistec de Res Suave para Taqueria 5kg Seleccion Especial,Pilgrims,kg,5.0,1112.5,43,Bistec de pulpa blanca de res en milanesa o rebanado paquete 5kg. Carne de res para tacos al carbon fajitas y huaraches. Calidad seleccionada grado restaurantero premium.
carnes-0103,carnes,Costilla de Res Cargada para Caldo 5kg Seleccion Especial,Carnes La Paz,kg,5.0,850.0,50,Costillar cargado de res cortado en trozos paquete 5kg. Hueso con carne con sabor concentrado para caldo de res y puchero. Calidad seleccionada grado restaurantero premium.
carnes-0104,carnes,Rib Eye Choice Calidad Importada 4kg Seleccion Especial,Rancho Don Juan,caja,4.0,3062.5,57,Corte fino ribeye importado calidad angus choice paquete 4kg. Ojo de bife marmoleado para asador y cortes premium. Calidad seleccionada grado restaurantero premium.
carnes-0105,carnes,New York Steak Corte Americano 4kg Seleccion Especial,SuKarne,caja,4.0,2750.0,64,Corte new york strip corte americano grueso 4kg. Bife de lomo sin hueso de alta terneza para parrilla y restaurante fino. Calidad seleccionada grado restaurantero premium.
carnes-0106,carnes,Tomahawk Steak con Hueso Largo 3kg Seleccion Especial,Bachoco,caja,3.0,2362.5,71,Chuleton tomahawk de res con costilla larga limpia 3kg. Corte vistoso para compartir y presentacion estrella de parrilla. Calidad seleccionada grado restaurantero premium.
carnes-0107,carnes,Suadero de Res Fresco Limpio 5kg Seleccion Especial,Kowi,kg,5.0,900.0,78,Suadero de res entero para confitar en manteca paquete 5kg. Carne suave con grasa para tacos de taqueria de banqueta. Calidad seleccionada grado restaurantero premium.
carnes-0108,carnes,Carne de Pastor Marinada de Cerdo 5kg Seleccion Especial,Pilgrims,kg,5.0,800.0,20,Pulpa de cerdo rebanada marinada en adobo de achiote 5kg. Carne adobada lista para trompo al pastor gringas y tacos. Calidad seleccionada grado restaurantero premium.
carnes-0109,carnes,Chuleta de Cerdo Ahumada Rebanada 5kg Seleccion Especial,Carnes La Paz,kg,5.0,737.5,1,Chuleta ahumada de lomo de cerdo con hueso caja 5kg. Chuletitas rosadas listas para dorar en sarten a la hawaiana. Calidad seleccionada grado restaurantero premium.
carnes-0110,carnes,Costillar de Cerdo Baby Back Ribs 5kg Seleccion Especial,Rancho Don Juan,caja,5.0,1112.5,34,Costillitas de cerdo baby back tiernas congeladas caja 5kg. Costillar suave para banar con salsa barbacoa estilo texas. Calidad seleccionada grado restaurantero premium.
carnes-0111,carnes,Pulpa de Cerdo en Cubos para Carnitas 5kg Seleccion Especial,SuKarne,kg,5.0,675.0,41,Trozos de maciza y pierna de cerdo seleccionada 5kg. Carne limpia para preparar carnitas estilo michoacan y pozole. Calidad seleccionada grado restaurantero premium.
carnes-0112,carnes,Manteca de Cerdo Pura de Cazo 10kg Seleccion Especial,Bachoco,caja,10.0,637.5,48,Manteca de cerdo filtrada en cubeta de 10kg. Grasa de puerco para freir carnitas dar sabor a tamales y frijoles. Calidad seleccionada grado restaurantero premium.
carnes-0113,carnes,Chicharron Prensado Botanero Guisado 5kg Seleccion Especial,Kowi,kg,5.0,850.0,55,Chicharron prensado guisado con chile guajillo bolsa 5kg. Relleno tipico para gorditas quesadillas y tlacoyos de mercado. Calidad seleccionada grado restaurantero premium.
carnes-0114,carnes,Carne para Hamburguesa Sirloin 150g Caja 40 Seleccion Especial,Pilgrims,caja,6.0,1025.0,62,Patty de carne de sirloin 150g congelado caja 40 piezas. Hamburguesa congelada uniforme lista para plancha comercial. Calidad seleccionada grado restaurantero premium.
carnes-0115,carnes,Filete de Tilapia sin Espinas 5kg Seleccion Especial,Carnes La Paz,caja,5.0,775.0,69,Filetes de pescado blanco tilapia congelados individualmente 5kg. Filete para empapelado ceviche y tacos de pescado. Calidad seleccionada grado restaurantero premium.
carnes-0116,carnes,Camaron Pacotilla Mediano Cocido 5kg Seleccion Especial,Rancho Don Juan,caja,5.0,1812.5,76,Camaron cocido pacotilla pelado y desvenado caja 5kg. Mariscos para coctel de camaron campechanas y ensaladas del mar. Calidad seleccionada grado restaurantero premium.
carnes-0117,carnes,Camaron U15 para Pelar Crudo 5kg Seleccion Especial,SuKarne,caja,5.0,2625.0,18,Camaron azul gigante con cabeza talla u15 caja 5 kilos. Camaron parrillero para aguachile empanizado y al ajillo. Calidad seleccionada grado restaurantero premium.
carnes-0118,carnes,Puntas de Filete de Res para Guisado 5kg Seleccion Especial,Bachoco,kg,5.0,1225.0,25,Puntas y recortes limpios de filete de res paquete 5kg. Carne tierna para puntas a la mexicana o en salsa pasilla. Calidad seleccionada grado restaurantero premium.
carnes-0119,carnes,Tuetano de Res en Canoa Canutillo 5kg Seleccion Especial,Kowi,kg,5.0,612.5,32,Huesos de res cortados a la mitad estilo canoa 5kg. Tuetano para asar al carbon con sal de grano y servir en taco. Calidad seleccionada grado restaurantero premium.
carnes-0120,carnes,Chamberete de Res con Hueso Ossobuco 5kg Seleccion Especial,Pilgrims,kg,5.0,800.0,39,Chamberete con tuetano cortado en rodajas 5kg. Corte para estofado largo caldo de osobuco y guisados de olla. Calidad seleccionada grado restaurantero premium.
carnes-0121,carnes,Tiras de Pollo Fajita Tender Crispy 5kg Seleccion Especial,Carnes La Paz,caja,5.0,862.5,46,Tiras de pechuga de pollo marinadas tipo tenders 5kg. Tenders para freir rapido en combos infantiles y wraps. Calidad seleccionada grado restaurantero premium.
carnes-0122,carnes,Menudo Pancita de Res Limpia Precocida 5kg Seleccion Especial,Rancho Don Juan,kg,5.0,687.5,53,Panza de res de libro y panal cocida limpia 5kg. Pancita para menudo blanco o rojo estilo norteño o michoacano. Calidad seleccionada grado restaurantero premium.
carnes-0123,carnes,Tripa de Res Precocida para Tacos 5kg Seleccion Especial,SuKarne,kg,5.0,787.5,60,Tripitas de res lavadas hervidas listas para dorar 5kg. Tripa dorada o tierna crujiente para taqueria de especialidad. Calidad seleccionada grado restaurantero premium.
carnes-0124,carnes,Lengua de Res Entera Limpia 3kg Seleccion Especial,Bachoco,pieza,3.0,1200.0,67,Lengua de res entera fresca empacada al vacio 3kg. Lengua suave para tacos en salsa verde vinagreta o a la veracruzana. Calidad seleccionada grado restaurantero premium.
carnes-0125,carnes,Costilla de Cerdo en Trozos para Fritanga 5kg Seleccion Especial,Kowi,kg,5.0,725.0,74,Costillitas de puerco troceadas en cubos pequenos 5kg. Costilla para salsa verde con verdolagas y adobos caseros. Calidad seleccionada grado restaurantero premium.
carnes-0126,carnes,Molida de Pollo Magra de Pechuga 5kg Seleccion Especial,Pilgrims,kg,5.0,800.0,16,Carne molida 100% pechuga de pollo sin grasa 5kg. Proteina ligera para hamburguesas fitness y albondigas dieteticas. Calidad seleccionada grado restaurantero premium.
carnes-0127,carnes,Cabeza de Lomo de Cerdo Boneless 5kg Seleccion Especial,Carnes La Paz,kg,5.0,700.0,23,Cabeza de lomo deshuesada marmoleada de puerco 5kg. Trozo jugoso para pulled pork estilo bbq o asados al horno. Calidad seleccionada grado restaurantero premium.
carnes-0128,carnes,Milanesa de Res de Pulpa Negra 5kg Seleccion Especial,Rancho Don Juan,kg,5.0,1150.0,30,Milanesas delgadas de pulpa negra sin nervio paquete 5kg. Filetes listos para empanizar tortas y tacos acorazados. Calidad seleccionada grado restaurantero premium.
carnes-0129,carnes,Carne Molida de Res Especial 80-20 5kg Empaque Economico,SuKarne,kg,5.0,637.5,37,Carne molida de res 80/20 magra con grasa ideal paquete 5kg. Carne para hamburguesas jugosas albondigas y picadillo. Version economica competitiva para optimizacion de costos.
carnes-0130,carnes,Arrachera Marinada Suave de Res 5kg Empaque Economico,Bachoco,kg,5.0,977.5,44,Arrachera de res marinada suave y tierna caja de 5 kilos. Corte marinada para parrilladas tacos de arrachera y fajitas. Version economica competitiva para optimizacion de costos.
carnes-0131,carnes,Pechuga de Pollo sin Piel sin Hueso 10kg Empaque Economico,Kowi,caja,10.0,1088.0,51,Pechuga de pollo limpia deshuesada y desgrasada caja 10kg. Filete de pollo para asar empanizar o deshebrar en caldo. Version economica competitiva para optimizacion de costos.
carnes-0132,carnes,Pierna y Muslo de Pollo Mixto 10kg Empaque Economico,Pilgrims,caja,10.0,493.0,58,Pierna y muslo de pollo fresco en corte anatomico caja 10kg. Pollo para mole guisados frito estilo kansas y consomé. Version economica competitiva para optimizacion de costos.
carnes-0133,carnes,Alitas de Pollo Enteras para Botanera 10kg Empaque Economico,Carnes La Paz,caja,10.0,782.0,65,Alitas de pollo botaneras con punta y codillo caja 10 kilos. Alitas crudas para freir banar en bufalo bbq o mango habanero. Version economica competitiva para optimizacion de costos.
carnes-0134,carnes,Bistec de Res Suave para Taqueria 5kg Empaque Economico,Rancho Don Juan,kg,5.0,756.5,72,Bistec de pulpa blanca de res en milanesa o rebanado paquete 5kg. Carne de res para tacos al carbon fajitas y huaraches. Version economica competitiva para optimizacion de costos.
carnes-0135,carnes,Costilla de Res Cargada para Caldo 5kg Empaque Economico,SuKarne,kg,5.0,578.0,79,Costillar cargado de res cortado en trozos paquete 5kg. Hueso con carne con sabor concentrado para caldo de res y puchero. Version economica competitiva para optimizacion de costos.
carnes-0136,carnes,Rib Eye Choice Calidad Importada 4kg Empaque Economico,Bachoco,caja,4.0,2082.5,1,Corte fino ribeye importado calidad angus choice paquete 4kg. Ojo de bife marmoleado para asador y cortes premium. Version economica competitiva para optimizacion de costos.
carnes-0137,carnes,New York Steak Corte Americano 4kg Empaque Economico,Kowi,caja,4.0,1870.0,28,Corte new york strip corte americano grueso 4kg. Bife de lomo sin hueso de alta terneza para parrilla y restaurante fino. Version economica competitiva para optimizacion de costos.
carnes-0138,carnes,Tomahawk Steak con Hueso Largo 3kg Empaque Economico,Pilgrims,caja,3.0,1606.5,35,Chuleton tomahawk de res con costilla larga limpia 3kg. Corte vistoso para compartir y presentacion estrella de parrilla. Version economica competitiva para optimizacion de costos.
carnes-0139,carnes,Suadero de Res Fresco Limpio 5kg Empaque Economico,Carnes La Paz,kg,5.0,612.0,42,Suadero de res entero para confitar en manteca paquete 5kg. Carne suave con grasa para tacos de taqueria de banqueta. Version economica competitiva para optimizacion de costos.
carnes-0140,carnes,Carne de Pastor Marinada de Cerdo 5kg Empaque Economico,Rancho Don Juan,kg,5.0,544.0,49,Pulpa de cerdo rebanada marinada en adobo de achiote 5kg. Carne adobada lista para trompo al pastor gringas y tacos. Version economica competitiva para optimizacion de costos.
carnes-0141,carnes,Chuleta de Cerdo Ahumada Rebanada 5kg Empaque Economico,SuKarne,kg,5.0,501.5,56,Chuleta ahumada de lomo de cerdo con hueso caja 5kg. Chuletitas rosadas listas para dorar en sarten a la hawaiana. Version economica competitiva para optimizacion de costos.
carnes-0142,carnes,Costillar de Cerdo Baby Back Ribs 5kg Empaque Economico,Bachoco,caja,5.0,756.5,63,Costillitas de cerdo baby back tiernas congeladas caja 5kg. Costillar suave para banar con salsa barbacoa estilo texas. Version economica competitiva para optimizacion de costos.
carnes-0143,carnes,Pulpa de Cerdo en Cubos para Carnitas 5kg Empaque Economico,Kowi,kg,5.0,459.0,70,Trozos de maciza y pierna de cerdo seleccionada 5kg. Carne limpia para preparar carnitas estilo michoacan y pozole. Version economica competitiva para optimizacion de costos.
carnes-0144,carnes,Manteca de Cerdo Pura de Cazo 10kg Empaque Economico,Pilgrims,caja,10.0,433.5,77,Manteca de cerdo filtrada en cubeta de 10kg. Grasa de puerco para freir carnitas dar sabor a tamales y frijoles. Version economica competitiva para optimizacion de costos.
carnes-0145,carnes,Chicharron Prensado Botanero Guisado 5kg Empaque Economico,Carnes La Paz,kg,5.0,578.0,19,Chicharron prensado guisado con chile guajillo bolsa 5kg. Relleno tipico para gorditas quesadillas y tlacoyos de mercado. Version economica competitiva para optimizacion de costos.
carnes-0146,carnes,Carne para Hamburguesa Sirloin 150g Caja 40 Empaque Economico,Rancho Don Juan,caja,6.0,697.0,26,Patty de carne de sirloin 150g congelado caja 40 piezas. Hamburguesa congelada uniforme lista para plancha comercial. Version economica competitiva para optimizacion de costos.
carnes-0147,carnes,Filete de Tilapia sin Espinas 5kg Empaque Economico,SuKarne,caja,5.0,527.0,33,Filetes de pescado blanco tilapia congelados individualmente 5kg. Filete para empapelado ceviche y tacos de pescado. Version economica competitiva para optimizacion de costos.
carnes-0148,carnes,Camaron Pacotilla Mediano Cocido 5kg Empaque Economico,Bachoco,caja,5.0,1232.5,40,Camaron cocido pacotilla pelado y desvenado caja 5kg. Mariscos para coctel de camaron campechanas y ensaladas del mar. Version economica competitiva para optimizacion de costos.
carnes-0149,carnes,Camaron U15 para Pelar Crudo 5kg Empaque Economico,Kowi,caja,5.0,1785.0,47,Camaron azul gigante con cabeza talla u15 caja 5 kilos. Camaron parrillero para aguachile empanizado y al ajillo. Version economica competitiva para optimizacion de costos.
carnes-0150,carnes,Puntas de Filete de Res para Guisado 5kg Empaque Economico,Pilgrims,kg,5.0,833.0,54,Puntas y recortes limpios de filete de res paquete 5kg. Carne tierna para puntas a la mexicana o en salsa pasilla. Version economica competitiva para optimizacion de costos.
carnes-0151,carnes,Tuetano de Res en Canoa Canutillo 5kg Empaque Economico,Carnes La Paz,kg,5.0,416.5,61,Huesos de res cortados a la mitad estilo canoa 5kg. Tuetano para asar al carbon con sal de grano y servir en taco. Version economica competitiva para optimizacion de costos.
carnes-0152,carnes,Chamberete de Res con Hueso Ossobuco 5kg Empaque Economico,Rancho Don Juan,kg,5.0,544.0,68,Chamberete con tuetano cortado en rodajas 5kg. Corte para estofado largo caldo de osobuco y guisados de olla. Version economica competitiva para optimizacion de costos.
carnes-0153,carnes,Tiras de Pollo Fajita Tender Crispy 5kg Empaque Economico,SuKarne,caja,5.0,586.5,75,Tiras de pechuga de pollo marinadas tipo tenders 5kg. Tenders para freir rapido en combos infantiles y wraps. Version economica competitiva para optimizacion de costos.
carnes-0154,carnes,Menudo Pancita de Res Limpia Precocida 5kg Empaque Economico,Bachoco,kg,5.0,467.5,17,Panza de res de libro y panal cocida limpia 5kg. Pancita para menudo blanco o rojo estilo norteño o michoacano. Version economica competitiva para optimizacion de costos.
carnes-0155,carnes,Tripa de Res Precocida para Tacos 5kg Empaque Economico,Kowi,kg,5.0,535.5,24,Tripitas de res lavadas hervidas listas para dorar 5kg. Tripa dorada o tierna crujiente para taqueria de especialidad. Version economica competitiva para optimizacion de costos.
carnes-0156,carnes,Lengua de Res Entera Limpia 3kg Empaque Economico,Pilgrims,pieza,3.0,816.0,31,Lengua de res entera fresca empacada al vacio 3kg. Lengua suave para tacos en salsa verde vinagreta o a la veracruzana. Version economica competitiva para optimizacion de costos.
carnes-0157,carnes,Costilla de Cerdo en Trozos para Fritanga 5kg Empaque Economico,Carnes La Paz,kg,5.0,493.0,38,Costillitas de puerco troceadas en cubos pequenos 5kg. Costilla para salsa verde con verdolagas y adobos caseros. Version economica competitiva para optimizacion de costos.
carnes-0158,carnes,Molida de Pollo Magra de Pechuga 5kg Empaque Economico,Rancho Don Juan,kg,5.0,544.0,45,Carne molida 100% pechuga de pollo sin grasa 5kg. Proteina ligera para hamburguesas fitness y albondigas dieteticas. Version economica competitiva para optimizacion de costos.
carnes-0159,carnes,Cabeza de Lomo de Cerdo Boneless 5kg Empaque Economico,SuKarne,kg,5.0,476.0,52,Cabeza de lomo deshuesada marmoleada de puerco 5kg. Trozo jugoso para pulled pork estilo bbq o asados al horno. Version economica competitiva para optimizacion de costos.
carnes-0160,carnes,Milanesa de Res de Pulpa Negra 5kg Empaque Economico,Bachoco,kg,5.0,782.0,59,Milanesas delgadas de pulpa negra sin nervio paquete 5kg. Filetes listos para empanizar tortas y tacos acorazados. Version economica competitiva para optimizacion de costos.
utensilios-0001,utensilios,Espatula Parrillera de Acero Inoxidable 20cm,Tramontina,pieza,1.0,165.0,35,Espatula parrillera de acero mango de madera remachado 20cm. Pala para aplastar hamburguesas smasheadas y voltear en plancha.
utensilios-0002,utensilios,Cuchillo de Chef Profesional 8 Pulgadas,Victorinox,pieza,1.0,780.0,25,Cuchillo cebollero santoku suizo hoja de 20cm mango fibrox. Cuchillo filoso multiusos para picar carne verdura y mise en place.
utensilios-0003,utensilios,Cuchillo Deshuesador Curvo 6 Pulgadas,Victorinox,pieza,1.0,590.0,20,Cuchillo deshuesador flexible de acero inoxidable 15cm. Hoja curva para filetear carne retirar grasa y separar hueso.
utensilios-0004,utensilios,Pinzas de Cocina de Acero Inoxidable 40cm,Vollrath,pieza,1.0,120.0,40,Tenazas pinzas largas de acero con resorte para parrillero 40cm. Pinzas para mover carbón voltear cortes y servicio en bufet.
utensilios-0005,utensilios,Sarten de Aluminio con Antiadherente 30cm,T-fal,pieza,1.0,450.0,25,Sarten uso rudo industrial con teflon reforzado 30cm. Sarten antiadherente para huevos omelettes y sellado rapido sin pegar.
utensilios-0006,utensilios,Sarten de Hierro Fundido Curado 26cm,Lodge,pieza,1.0,680.0,15,Sarten pesado de hierro fundido pre-curado 26cm. Comal para asar al horno retener calor y servir cortes calientes.
utensilios-0007,utensilios,Olla Vaporera de Aluminio Grueso 40L,Cinsa,pieza,1.0,1150.0,12,Olla vaporera de aluminio reforzado con rejilla tamalera 40 litros. Bote vaporero para tamales pozole y caldos grandes.
utensilios-0008,utensilios,Comal Redondo de Acero al Carbon 50cm,La Hacienda,pieza,1.0,380.0,18,Comal de lamina de acero para calentar tortillas y garnachas 50cm. Comal taquero redondo para taqueria y antojitos mexicanos.
utensilios-0009,utensilios,Papel Aluminio Grado Restaurantero Rollo 400m,Reynolds,caja,1.0,680.0,30,Papel aluminio institucional extra ancho rollo con 400 metros con cortador. Papel para envolver comida hornear y cubrir charolas.
utensilios-0010,utensilios,Papel Film Plastico Adherente Rollo 600m,Kirkland,caja,1.0,540.0,28,Pelicula plastica estirable transparente grado alimenticio 600m. Plastico egapack para conservar recipientes y cubrir en refrigerador.
utensilios-0011,utensilios,Guantes de Nitrilo Negro Uso Rudo Caja 100,Ammex,caja,100.0,240.0,50,Guantes desechables de nitrilo negro sin polvo caja con 100 piezas. Guantes para manipulacion higienica de alimentos y parrilladas.
utensilios-0012,utensilios,Servilletas Interdobladas Despachador Caja 4000,Kimberly-Clark,caja,4000.0,520.0,35,Servilleta interdoblada blanca para despachador de mesa caja 4000 hojas. Servilletas de papel para taquerias y restaurantes.
utensilios-0013,utensilios,Bolsa para Basura Negra Jumbo Calibre 200 Paquete 50,Reyma,caja,50.0,290.0,40,Bolsas de plastico negro para basura jumbo 90x120cm calibre pesado 50 pzas. Bolsas resistentes para botes de cocina y desperdicio.
utensilios-0014,utensilios,Contenedor Plastico Cambro Policarbonato 12L,Cambro,pieza,12.0,480.0,20,Inserto cuadrado transparente de policarbonato graduado 12 litros. Bote para mise en place fermentar masa y almacenar insumos.
utensilios-0015,utensilios,Tapa Hermetica para Contenedor Cambro,Cambro,pieza,1.0,160.0,2,Tapa de presion hermetica para inserto cuadrado cambro. Sello antiderrame para evitar contaminacion cruzada en camara fria.
utensilios-0016,utensilios,Inserto Sexto de Acero Inoxidable Mesa Fria,Thunder Group,pieza,1.0,195.0,35,Inserto un sexto de acero inoxidable 15cm profundidad. Bandeja para barra de ensaladas salsas de mesa y linea de sandwich.
utensilios-0017,utensilios,Tabla para Picar Polietileno Blanco 60x40cm,Rubbermaid,pieza,1.0,460.0,25,Tabla de corte plastica grado sanitario blanca 60x40cm grosor 2cm. Tabla higienica que cuida el filo de cuchillos de cocina.
utensilios-0018,utensilios,Tabla para Picar Roja para Carnes Rojas 60x40cm,Rubbermaid,pieza,1.0,460.0,22,Tabla de picar plastica codigo de color rojo para carnes crudas. Evita contaminacion cruzada conforme norma de higiene alimentaria.
utensilios-0019,utensilios,Colador Chino de Acero Malla Fina 24cm,Vollrath,pieza,1.0,580.0,15,Colador conico tipo chino de acero inoxidable con mango 24cm. Tamiz para colar caldos fondos sopas y salsas tersas aterciopeladas.
utensilios-0020,utensilios,Batidor Globo de Varillas Gruesas 35cm,Winco,pieza,1.0,140.0,30,Batidor manual de alambre de acero inoxidable frances 35cm. Batidor para montar cremas mezclar vinagretas y batir salsas.
utensilios-0021,utensilios,Cucharon para Caldo de Acero 240ml 8oz,Winco,pieza,1.0,110.0,35,Cucharon dosificador de una sola pieza de acero inoxidable capacidad 8 onzas. Cucharon sopero para servir porciones exactas de pozole.
utensilios-0022,utensilios,Pelador de Papas Industrial Ergonomico,Oxo Good Grips,pieza,1.0,185.0,40,Pelador en y de navaja basculante de acero inoxidable mango de goma. Pela papas zanahorias y fruta a alta velocidad.
utensilios-0023,utensilios,Mandolina Profesional Japonesa con Cuchillas,Benriner,pieza,1.0,1350.0,8,Mandolina manual regulable de alta precision con navajas juliana. Cortadora para rebanar cebolla fina papas chip y pepino.
utensilios-0024,utensilios,Bascula Digital Gramera Porcionadora 10kg,Torrey,pieza,1.0,2300.0,1,Bascula electronica digital para cocina capacidad 10kg precision 1g. Bascula para costeo control de mermas y porcionar proteina.
utensilios-0025,utensilios,Termometro Digital de Lectura Instantanea Cocina,ThermoPro,pieza,1.0,360.0,25,Termometro de sonda plegable para carne y freidora lectura en 3 segundos. Medidor de temperatura interna para termino de carne.
utensilios-0026,utensilios,Soplete de Gas Butano de Reposteria y Cocina,Iwatani,pieza,1.0,590.0,16,Soplete antorcha portatil con llama regulable acoplable a lata de gas. Quemador para flamear carnes dorar queso y creme brulee.
utensilios-0027,utensilios,Charola de Aluminio para Hornear Panadera 65x45cm,Nordic Ware,pieza,1.0,320.0,35,Charola panadera media hoja de aluminio calibre pesado con borde reforzado. Bandeja para hornear galletas panes o asar verduras.
utensilios-0028,utensilios,Dispensador Dosificador de Salsa Squeeze 750ml Pack 6,Tablecraft,caja,6.0,190.0,30,Botes pachiche mamila squeezebottle de plastico flexible paquete 6 piezas. Mamila para salsa catsup mostaza mayonesa o aderezos.
utensilios-0029,utensilios,Fibra Verde Abrasiva para Lavado de Ollas Caja 24,Scotch-Brite,caja,24.0,220.0,45,Esponjas fibras verdes abrasivas para tallar cochambre y sartenes caja 24. Utensilio de limpieza pesada para area de cochambre.
utensilios-0030,utensilios,Detergente Liquido Concentrado Desengrasante 20L,Axion,pieza,20.0,720.0,20,Jabon lavatrastes liquido con potente desengrasante bidon de 20 litros. Detergente concentrado para lavado de vajilla y loza.
utensilios-0031,utensilios,Charola Termica Desechable con Tapa Paquete 100,Reyma,caja,100.0,280.0,30,Contenedor desechable tipo almeja de unicel para comida corrida 100 pzas. Domo termico para comida para llevar y servicio a domicilio.
utensilios-0032,utensilios,Vaso Desechable Cristal para Bebida Fria 16oz Caja 1000,Solo Cup,caja,1000.0,890.0,18,Vasos de plastico transparente pet de 16 onzas caja con 1000 piezas. Vaso desechable para frappé refresco agua fresca y michelada.
utensilios-0033,utensilios,Espatula Parrillera de Acero Inoxidable 20cm Presentacion Mayoreo,Vollrath,pieza,2.0,305.25,15,Espatula parrillera de acero mango de madera remachado 20cm. Pala para aplastar hamburguesas smasheadas y voltear en plancha. Formato institucional mayoreo para alto volumen.
utensilios-0034,utensilios,Cuchillo de Chef Profesional 8 Pulgadas Presentacion Mayoreo,Tramontina,pieza,2.0,1443.0,22,Cuchillo cebollero santoku suizo hoja de 20cm mango fibrox. Cuchillo filoso multiusos para picar carne verdura y mise en place. Formato institucional mayoreo para alto volumen.
utensilios-0035,utensilios,Cuchillo Deshuesador Curvo 6 Pulgadas Presentacion Mayoreo,Reyma,pieza,2.0,1091.5,29,Cuchillo deshuesador flexible de acero inoxidable 15cm. Hoja curva para filetear carne retirar grasa y separar hueso. Formato institucional mayoreo para alto volumen.
utensilios-0036,utensilios,Pinzas de Cocina de Acero Inoxidable 40cm Presentacion Mayoreo,Winco,pieza,2.0,222.0,36,Tenazas pinzas largas de acero con resorte para parrillero 40cm. Pinzas para mover carbón voltear cortes y servicio en bufet. Formato institucional mayoreo para alto volumen.
utensilios-0037,utensilios,Sarten de Aluminio con Antiadherente 30cm Presentacion Mayoreo,Rubbermaid,pieza,2.0,832.5,43,Sarten uso rudo industrial con teflon reforzado 30cm. Sarten antiadherente para huevos omelettes y sellado rapido sin pegar. Formato institucional mayoreo para alto volumen.
utensilios-0038,utensilios,Sarten de Hierro Fundido Curado 26cm Presentacion Mayoreo,Reynolds,pieza,2.0,1258.0,50,Sarten pesado de hierro fundido pre-curado 26cm. Comal para asar al horno retener calor y servir cortes calientes. Formato institucional mayoreo para alto volumen.
utensilios-0039,utensilios,Olla Vaporera de Aluminio Grueso 40L Presentacion Mayoreo,Vollrath,pieza,2.0,2127.5,57,Olla vaporera de aluminio reforzado con rejilla tamalera 40 litros. Bote vaporero para tamales pozole y caldos grandes. Formato institucional mayoreo para alto volumen.
utensilios-0040,utensilios,Comal Redondo de Acero al Carbon 50cm Presentacion Mayoreo,Tramontina,pieza,2.0,703.0,64,Comal de lamina de acero para calentar tortillas y garnachas 50cm. Comal taquero redondo para taqueria y antojitos mexicanos. Formato institucional mayoreo para alto volumen.
utensilios-0041,utensilios,Papel Aluminio Grado Restaurantero Rollo 400m Presentacion Mayoreo,Reyma,caja,2.0,1258.0,71,Papel aluminio institucional extra ancho rollo con 400 metros con cortador. Papel para envolver comida hornear y cubrir charolas. Formato institucional mayoreo para alto volumen.
utensilios-0042,utensilios,Papel Film Plastico Adherente Rollo 600m Presentacion Mayoreo,Winco,caja,2.0,999.0,78,Pelicula plastica estirable transparente grado alimenticio 600m. Plastico egapack para conservar recipientes y cubrir en refrigerador. Formato institucional mayoreo para alto volumen.
utensilios-0043,utensilios,Guantes de Nitrilo Negro Uso Rudo Caja 100 Presentacion Mayoreo,Rubbermaid,caja,200.0,444.0,20,Guantes desechables de nitrilo negro sin polvo caja con 100 piezas. Guantes para manipulacion higienica de alimentos y parrilladas. Formato institucional mayoreo para alto volumen.
utensilios-0044,utensilios,Servilletas Interdobladas Despachador Caja 4000 Presentacion Mayoreo,Reynolds,caja,8000.0,962.0,27,Servilleta interdoblada blanca para despachador de mesa caja 4000 hojas. Servilletas de papel para taquerias y restaurantes. Formato institucional mayoreo para alto volumen.
utensilios-0045,utensilios,Bolsa para Basura Negra Jumbo Calibre 200 Paquete 50 Presentacion Mayoreo,Vollrath,caja,100.0,536.5,34,Bolsas de plastico negro para basura jumbo 90x120cm calibre pesado 50 pzas. Bolsas resistentes para botes de cocina y desperdicio. Formato institucional mayoreo para alto volumen.
utensilios-0046,utensilios,Contenedor Plastico Cambro Policarbonato 12L Presentacion Mayoreo,Tramontina,pieza,24.0,888.0,41,Inserto cuadrado transparente de policarbonato graduado 12 litros. Bote para mise en place fermentar masa y almacenar insumos. Formato institucional mayoreo para alto volumen.
utensilios-0047,utensilios,Tapa Hermetica para Contenedor Cambro Presentacion Mayoreo,Reyma,pieza,2.0,296.0,48,Tapa de presion hermetica para inserto cuadrado cambro. Sello antiderrame para evitar contaminacion cruzada en camara fria. Formato institucional mayoreo para alto volumen.
utensilios-0048,utensilios,Inserto Sexto de Acero Inoxidable Mesa Fria Presentacion Mayoreo,Winco,pieza,2.0,360.75,55,Inserto un sexto de acero inoxidable 15cm profundidad. Bandeja para barra de ensaladas salsas de mesa y linea de sandwich. Formato institucional mayoreo para alto volumen.
utensilios-0049,utensilios,Tabla para Picar Polietileno Blanco 60x40cm Presentacion Mayoreo,Rubbermaid,pieza,2.0,851.0,62,Tabla de corte plastica grado sanitario blanca 60x40cm grosor 2cm. Tabla higienica que cuida el filo de cuchillos de cocina. Formato institucional mayoreo para alto volumen.
utensilios-0050,utensilios,Tabla para Picar Roja para Carnes Rojas 60x40cm Presentacion Mayoreo,Reynolds,pieza,2.0,851.0,69,Tabla de picar plastica codigo de color rojo para carnes crudas. Evita contaminacion cruzada conforme norma de higiene alimentaria. Formato institucional mayoreo para alto volumen.
utensilios-0051,utensilios,Colador Chino de Acero Malla Fina 24cm Presentacion Mayoreo,Vollrath,pieza,2.0,1073.0,76,Colador conico tipo chino de acero inoxidable con mango 24cm. Tamiz para colar caldos fondos sopas y salsas tersas aterciopeladas. Formato institucional mayoreo para alto volumen.
utensilios-0052,utensilios,Batidor Globo de Varillas Gruesas 35cm Presentacion Mayoreo,Tramontina,pieza,2.0,259.0,18,Batidor manual de alambre de acero inoxidable frances 35cm. Batidor para montar cremas mezclar vinagretas y batir salsas. Formato institucional mayoreo para alto volumen.
utensilios-0053,utensilios,Cucharon para Caldo de Acero 240ml 8oz Presentacion Mayoreo,Reyma,pieza,2.0,203.5,25,Cucharon dosificador de una sola pieza de acero inoxidable capacidad 8 onzas. Cucharon sopero para servir porciones exactas de pozole. Formato institucional mayoreo para alto volumen.
utensilios-0054,utensilios,Pelador de Papas Industrial Ergonomico Presentacion Mayoreo,Winco,pieza,2.0,342.25,32,Pelador en y de navaja basculante de acero inoxidable mango de goma. Pela papas zanahorias y fruta a alta velocidad. Formato institucional mayoreo para alto volumen.
utensilios-0055,utensilios,Mandolina Profesional Japonesa con Cuchillas Presentacion Mayoreo,Rubbermaid,pieza,2.0,2497.5,1,Mandolina manual regulable de alta precision con navajas juliana. Cortadora para rebanar cebolla fina papas chip y pepino. Formato institucional mayoreo para alto volumen.
utensilios-0056,utensilios,Bascula Digital Gramera Porcionadora 10kg Presentacion Mayoreo,Reynolds,pieza,2.0,4255.0,46,Bascula electronica digital para cocina capacidad 10kg precision 1g. Bascula para costeo control de mermas y porcionar proteina. Formato institucional mayoreo para alto volumen.
utensilios-0057,utensilios,Termometro Digital de Lectura Instantanea Cocina Presentacion Mayoreo,Vollrath,pieza,2.0,666.0,53,Termometro de sonda plegable para carne y freidora lectura en 3 segundos. Medidor de temperatura interna para termino de carne. Formato institucional mayoreo para alto volumen.
utensilios-0058,utensilios,Soplete de Gas Butano de Reposteria y Cocina Presentacion Mayoreo,Tramontina,pieza,2.0,1091.5,60,Soplete antorcha portatil con llama regulable acoplable a lata de gas. Quemador para flamear carnes dorar queso y creme brulee. Formato institucional mayoreo para alto volumen.
utensilios-0059,utensilios,Charola de Aluminio para Hornear Panadera 65x45cm Presentacion Mayoreo,Reyma,pieza,2.0,592.0,67,Charola panadera media hoja de aluminio calibre pesado con borde reforzado. Bandeja para hornear galletas panes o asar verduras. Formato institucional mayoreo para alto volumen.
utensilios-0060,utensilios,Dispensador Dosificador de Salsa Squeeze 750ml Pack 6 Presentacion Mayoreo,Winco,caja,12.0,351.5,74,Botes pachiche mamila squeezebottle de plastico flexible paquete 6 piezas. Mamila para salsa catsup mostaza mayonesa o aderezos. Formato institucional mayoreo para alto volumen.
utensilios-0061,utensilios,Fibra Verde Abrasiva para Lavado de Ollas Caja 24 Presentacion Mayoreo,Rubbermaid,caja,48.0,407.0,16,Esponjas fibras verdes abrasivas para tallar cochambre y sartenes caja 24. Utensilio de limpieza pesada para area de cochambre. Formato institucional mayoreo para alto volumen.
utensilios-0062,utensilios,Detergente Liquido Concentrado Desengrasante 20L Presentacion Mayoreo,Reynolds,pieza,40.0,1332.0,23,Jabon lavatrastes liquido con potente desengrasante bidon de 20 litros. Detergente concentrado para lavado de vajilla y loza. Formato institucional mayoreo para alto volumen.
utensilios-0063,utensilios,Charola Termica Desechable con Tapa Paquete 100 Presentacion Mayoreo,Vollrath,caja,200.0,518.0,30,Contenedor desechable tipo almeja de unicel para comida corrida 100 pzas. Domo termico para comida para llevar y servicio a domicilio. Formato institucional mayoreo para alto volumen.
utensilios-0064,utensilios,Vaso Desechable Cristal para Bebida Fria 16oz Caja 1000 Presentacion Mayoreo,Tramontina,caja,2000.0,1646.5,37,Vasos de plastico transparente pet de 16 onzas caja con 1000 piezas. Vaso desechable para frappé refresco agua fresca y michelada. Formato institucional mayoreo para alto volumen.
utensilios-0065,utensilios,Espatula Parrillera de Acero Inoxidable 20cm Presentacion Compacta,Reyma,pieza,0.5,90.75,44,Espatula parrillera de acero mango de madera remachado 20cm. Pala para aplastar hamburguesas smasheadas y voltear en plancha. Presentacion chica economica ideal para consumo medido.
utensilios-0066,utensilios,Cuchillo de Chef Profesional 8 Pulgadas Presentacion Compacta,Winco,pieza,0.5,429.0,51,Cuchillo cebollero santoku suizo hoja de 20cm mango fibrox. Cuchillo filoso multiusos para picar carne verdura y mise en place. Presentacion chica economica ideal para consumo medido.
utensilios-0067,utensilios,Cuchillo Deshuesador Curvo 6 Pulgadas Presentacion Compacta,Rubbermaid,pieza,0.5,324.5,58,Cuchillo deshuesador flexible de acero inoxidable 15cm. Hoja curva para filetear carne retirar grasa y separar hueso. Presentacion chica economica ideal para consumo medido.
utensilios-0068,utensilios,Pinzas de Cocina de Acero Inoxidable 40cm Presentacion Compacta,Reynolds,pieza,0.5,66.0,65,Tenazas pinzas largas de acero con resorte para parrillero 40cm. Pinzas para mover carbón voltear cortes y servicio en bufet. Presentacion chica economica ideal para consumo medido.
utensilios-0069,utensilios,Sarten de Aluminio con Antiadherente 30cm Presentacion Compacta,Vollrath,pieza,0.5,247.5,72,Sarten uso rudo industrial con teflon reforzado 30cm. Sarten antiadherente para huevos omelettes y sellado rapido sin pegar. Presentacion chica economica ideal para consumo medido.
utensilios-0070,utensilios,Sarten de Hierro Fundido Curado 26cm Presentacion Compacta,Tramontina,pieza,0.5,374.0,79,Sarten pesado de hierro fundido pre-curado 26cm. Comal para asar al horno retener calor y servir cortes calientes. Presentacion chica economica ideal para consumo medido.
utensilios-0071,utensilios,Olla Vaporera de Aluminio Grueso 40L Presentacion Compacta,Reyma,pieza,0.5,632.5,21,Olla vaporera de aluminio reforzado con rejilla tamalera 40 litros. Bote vaporero para tamales pozole y caldos grandes. Presentacion chica economica ideal para consumo medido.
utensilios-0072,utensilios,Comal Redondo de Acero al Carbon 50cm Presentacion Compacta,Winco,pieza,0.5,209.0,28,Comal de lamina de acero para calentar tortillas y garnachas 50cm. Comal taquero redondo para taqueria y antojitos mexicanos. Presentacion chica economica ideal para consumo medido.
utensilios-0073,utensilios,Papel Aluminio Grado Restaurantero Rollo 400m Presentacion Compacta,Rubbermaid,caja,0.5,374.0,35,Papel aluminio institucional extra ancho rollo con 400 metros con cortador. Papel para envolver comida hornear y cubrir charolas. Presentacion chica economica ideal para consumo medido.
utensilios-0074,utensilios,Papel Film Plastico Adherente Rollo 600m Presentacion Compacta,Reynolds,caja,0.5,297.0,42,Pelicula plastica estirable transparente grado alimenticio 600m. Plastico egapack para conservar recipientes y cubrir en refrigerador. Presentacion chica economica ideal para consumo medido.
utensilios-0075,utensilios,Guantes de Nitrilo Negro Uso Rudo Caja 100 Presentacion Compacta,Vollrath,caja,50.0,132.0,49,Guantes desechables de nitrilo negro sin polvo caja con 100 piezas. Guantes para manipulacion higienica de alimentos y parrilladas. Presentacion chica economica ideal para consumo medido.
utensilios-0076,utensilios,Servilletas Interdobladas Despachador Caja 4000 Presentacion Compacta,Tramontina,caja,2000.0,286.0,56,Servilleta interdoblada blanca para despachador de mesa caja 4000 hojas. Servilletas de papel para taquerias y restaurantes. Presentacion chica economica ideal para consumo medido.
utensilios-0077,utensilios,Bolsa para Basura Negra Jumbo Calibre 200 Paquete 50 Presentacion Compacta,Reyma,caja,25.0,159.5,63,Bolsas de plastico negro para basura jumbo 90x120cm calibre pesado 50 pzas. Bolsas resistentes para botes de cocina y desperdicio. Presentacion chica economica ideal para consumo medido.
utensilios-0078,utensilios,Contenedor Plastico Cambro Policarbonato 12L Presentacion Compacta,Winco,pieza,6.0,264.0,70,Inserto cuadrado transparente de policarbonato graduado 12 litros. Bote para mise en place fermentar masa y almacenar insumos. Presentacion chica economica ideal para consumo medido.
utensilios-0079,utensilios,Tapa Hermetica para Contenedor Cambro Presentacion Compacta,Rubbermaid,pieza,0.5,88.0,77,Tapa de presion hermetica para inserto cuadrado cambro. Sello antiderrame para evitar contaminacion cruzada en camara fria. Presentacion chica economica ideal para consumo medido.
utensilios-0080,utensilios,Inserto Sexto de Acero Inoxidable Mesa Fria Presentacion Compacta,Reynolds,pieza,0.5,107.25,19,Inserto un sexto de acero inoxidable 15cm profundidad. Bandeja para barra de ensaladas salsas de mesa y linea de sandwich. Presentacion chica economica ideal para consumo medido.
utensilios-0081,utensilios,Tabla para Picar Polietileno Blanco 60x40cm Presentacion Compacta,Vollrath,pieza,0.5,253.0,26,Tabla de corte plastica grado sanitario blanca 60x40cm grosor 2cm. Tabla higienica que cuida el filo de cuchillos de cocina. Presentacion chica economica ideal para consumo medido.
utensilios-0082,utensilios,Tabla para Picar Roja para Carnes Rojas 60x40cm Presentacion Compacta,Tramontina,pieza,0.5,253.0,1,Tabla de picar plastica codigo de color rojo para carnes crudas. Evita contaminacion cruzada conforme norma de higiene alimentaria. Presentacion chica economica ideal para consumo medido.
utensilios-0083,utensilios,Colador Chino de Acero Malla Fina 24cm Presentacion Compacta,Reyma,pieza,0.5,319.0,40,Colador conico tipo chino de acero inoxidable con mango 24cm. Tamiz para colar caldos fondos sopas y salsas tersas aterciopeladas. Presentacion chica economica ideal para consumo medido.
utensilios-0084,utensilios,Batidor Globo de Varillas Gruesas 35cm Presentacion Compacta,Winco,pieza,0.5,77.0,47,Batidor manual de alambre de acero inoxidable frances 35cm. Batidor para montar cremas mezclar vinagretas y batir salsas. Presentacion chica economica ideal para consumo medido.
utensilios-0085,utensilios,Cucharon para Caldo de Acero 240ml 8oz Presentacion Compacta,Rubbermaid,pieza,0.5,60.5,54,Cucharon dosificador de una sola pieza de acero inoxidable capacidad 8 onzas. Cucharon sopero para servir porciones exactas de pozole. Presentacion chica economica ideal para consumo medido.
utensilios-0086,utensilios,Pelador de Papas Industrial Ergonomico Presentacion Compacta,Reynolds,pieza,0.5,101.75,61,Pelador en y de navaja basculante de acero inoxidable mango de goma. Pela papas zanahorias y fruta a alta velocidad. Presentacion chica economica ideal para consumo medido.
utensilios-0087,utensilios,Mandolina Profesional Japonesa con Cuchillas Presentacion Compacta,Vollrath,pieza,0.5,742.5,68,Mandolina manual regulable de alta precision con navajas juliana. Cortadora para rebanar cebolla fina papas chip y pepino. Presentacion chica economica ideal para consumo medido.
utensilios-0088,utensilios,Bascula Digital Gramera Porcionadora 10kg Presentacion Compacta,Tramontina,pieza,0.5,1265.0,75,Bascula electronica digital para cocina capacidad 10kg precision 1g. Bascula para costeo control de mermas y porcionar proteina. Presentacion chica economica ideal para consumo medido.
utensilios-0089,utensilios,Termometro Digital de Lectura Instantanea Cocina Presentacion Compacta,Reyma,pieza,0.5,198.0,17,Termometro de sonda plegable para carne y freidora lectura en 3 segundos. Medidor de temperatura interna para termino de carne. Presentacion chica economica ideal para consumo medido.
utensilios-0090,utensilios,Soplete de Gas Butano de Reposteria y Cocina Presentacion Compacta,Winco,pieza,0.5,324.5,24,Soplete antorcha portatil con llama regulable acoplable a lata de gas. Quemador para flamear carnes dorar queso y creme brulee. Presentacion chica economica ideal para consumo medido.
utensilios-0091,utensilios,Charola de Aluminio para Hornear Panadera 65x45cm Presentacion Compacta,Rubbermaid,pieza,0.5,176.0,31,Charola panadera media hoja de aluminio calibre pesado con borde reforzado. Bandeja para hornear galletas panes o asar verduras. Presentacion chica economica ideal para consumo medido.
utensilios-0092,utensilios,Dispensador Dosificador de Salsa Squeeze 750ml Pack 6 Presentacion Compacta,Reynolds,caja,3.0,104.5,38,Botes pachiche mamila squeezebottle de plastico flexible paquete 6 piezas. Mamila para salsa catsup mostaza mayonesa o aderezos. Presentacion chica economica ideal para consumo medido.
utensilios-0093,utensilios,Fibra Verde Abrasiva para Lavado de Ollas Caja 24 Presentacion Compacta,Vollrath,caja,12.0,121.0,45,Esponjas fibras verdes abrasivas para tallar cochambre y sartenes caja 24. Utensilio de limpieza pesada para area de cochambre. Presentacion chica economica ideal para consumo medido.
utensilios-0094,utensilios,Detergente Liquido Concentrado Desengrasante 20L Presentacion Compacta,Tramontina,pieza,10.0,396.0,52,Jabon lavatrastes liquido con potente desengrasante bidon de 20 litros. Detergente concentrado para lavado de vajilla y loza. Presentacion chica economica ideal para consumo medido.
utensilios-0095,utensilios,Charola Termica Desechable con Tapa Paquete 100 Presentacion Compacta,Reyma,caja,50.0,154.0,59,Contenedor desechable tipo almeja de unicel para comida corrida 100 pzas. Domo termico para comida para llevar y servicio a domicilio. Presentacion chica economica ideal para consumo medido.
utensilios-0096,utensilios,Vaso Desechable Cristal para Bebida Fria 16oz Caja 1000 Presentacion Compacta,Winco,caja,500.0,489.5,66,Vasos de plastico transparente pet de 16 onzas caja con 1000 piezas. Vaso desechable para frappé refresco agua fresca y michelada. Presentacion chica economica ideal para consumo medido.
utensilios-0097,utensilios,Espatula Parrillera de Acero Inoxidable 20cm Seleccion Especial,Rubbermaid,pieza,1.0,206.25,73,Espatula parrillera de acero mango de madera remachado 20cm. Pala para aplastar hamburguesas smasheadas y voltear en plancha. Calidad seleccionada grado restaurantero premium.
utensilios-0098,utensilios,Cuchillo de Chef Profesional 8 Pulgadas Seleccion Especial,Reynolds,pieza,1.0,975.0,15,Cuchillo cebollero santoku suizo hoja de 20cm mango fibrox. Cuchillo filoso multiusos para picar carne verdura y mise en place. Calidad seleccionada grado restaurantero premium.
utensilios-0099,utensilios,Cuchillo Deshuesador Curvo 6 Pulgadas Seleccion Especial,Vollrath,pieza,1.0,737.5,22,Cuchillo deshuesador flexible de acero inoxidable 15cm. Hoja curva para filetear carne retirar grasa y separar hueso. Calidad seleccionada grado restaurantero premium.
utensilios-0100,utensilios,Pinzas de Cocina de Acero Inoxidable 40cm Seleccion Especial,Tramontina,pieza,1.0,150.0,29,Tenazas pinzas largas de acero con resorte para parrillero 40cm. Pinzas para mover carbón voltear cortes y servicio en bufet. Calidad seleccionada grado restaurantero premium.
utensilios-0101,utensilios,Sarten de Aluminio con Antiadherente 30cm Seleccion Especial,Reyma,pieza,1.0,562.5,36,Sarten uso rudo industrial con teflon reforzado 30cm. Sarten antiadherente para huevos omelettes y sellado rapido sin pegar. Calidad seleccionada grado restaurantero premium.
utensilios-0102,utensilios,Sarten de Hierro Fundido Curado 26cm Seleccion Especial,Winco,pieza,1.0,850.0,43,Sarten pesado de hierro fundido pre-curado 26cm. Comal para asar al horno retener calor y servir cortes calientes. Calidad seleccionada grado restaurantero premium.
utensilios-0103,utensilios,Olla Vaporera de Aluminio Grueso 40L Seleccion Especial,Rubbermaid,pieza,1.0,1437.5,50,Olla vaporera de aluminio reforzado con rejilla tamalera 40 litros. Bote vaporero para tamales pozole y caldos grandes. Calidad seleccionada grado restaurantero premium.
utensilios-0104,utensilios,Comal Redondo de Acero al Carbon 50cm Seleccion Especial,Reynolds,pieza,1.0,475.0,57,Comal de lamina de acero para calentar tortillas y garnachas 50cm. Comal taquero redondo para taqueria y antojitos mexicanos. Calidad seleccionada grado restaurantero premium.
utensilios-0105,utensilios,Papel Aluminio Grado Restaurantero Rollo 400m Seleccion Especial,Vollrath,caja,1.0,850.0,64,Papel aluminio institucional extra ancho rollo con 400 metros con cortador. Papel para envolver comida hornear y cubrir charolas. Calidad seleccionada grado restaurantero premium.
utensilios-0106,utensilios,Papel Film Plastico Adherente Rollo 600m Seleccion Especial,Tramontina,caja,1.0,675.0,71,Pelicula plastica estirable transparente grado alimenticio 600m. Plastico egapack para conservar recipientes y cubrir en refrigerador. Calidad seleccionada grado restaurantero premium.
utensilios-0107,utensilios,Guantes de Nitrilo Negro Uso Rudo Caja 100 Seleccion Especial,Reyma,caja,100.0,300.0,78,Guantes desechables de nitrilo negro sin polvo caja con 100 piezas. Guantes para manipulacion higienica de alimentos y parrilladas. Calidad seleccionada grado restaurantero premium.
utensilios-0108,utensilios,Servilletas Interdobladas Despachador Caja 4000 Seleccion Especial,Winco,caja,4000.0,650.0,20,Servilleta interdoblada blanca para despachador de mesa caja 4000 hojas. Servilletas de papel para taquerias y restaurantes. Calidad seleccionada grado restaurantero premium.
utensilios-0109,utensilios,Bolsa para Basura Negra Jumbo Calibre 200 Paquete 50 Seleccion Especial,Rubbermaid,caja,50.0,362.5,1,Bolsas de plastico negro para basura jumbo 90x120cm calibre pesado 50 pzas. Bolsas resistentes para botes de cocina y desperdicio. Calidad seleccionada grado restaurantero premium.
utensilios-0110,utensilios,Contenedor Plastico Cambro Policarbonato 12L Seleccion Especial,Reynolds,pieza,12.0,600.0,34,Inserto cuadrado transparente de policarbonato graduado 12 litros. Bote para mise en place fermentar masa y almacenar insumos. Calidad seleccionada grado restaurantero premium.
utensilios-0111,utensilios,Tapa Hermetica para Contenedor Cambro Seleccion Especial,Vollrath,pieza,1.0,200.0,41,Tapa de presion hermetica para inserto cuadrado cambro. Sello antiderrame para evitar contaminacion cruzada en camara fria. Calidad seleccionada grado restaurantero premium.
utensilios-0112,utensilios,Inserto Sexto de Acero Inoxidable Mesa Fria Seleccion Especial,Tramontina,pieza,1.0,243.75,48,Inserto un sexto de acero inoxidable 15cm profundidad. Bandeja para barra de ensaladas salsas de mesa y linea de sandwich. Calidad seleccionada grado restaurantero premium.
utensilios-0113,utensilios,Tabla para Picar Polietileno Blanco 60x40cm Seleccion Especial,Reyma,pieza,1.0,575.0,55,Tabla de corte plastica grado sanitario blanca 60x40cm grosor 2cm. Tabla higienica que cuida el filo de cuchillos de cocina. Calidad seleccionada grado restaurantero premium.
utensilios-0114,utensilios,Tabla para Picar Roja para Carnes Rojas 60x40cm Seleccion Especial,Winco,pieza,1.0,575.0,62,Tabla de picar plastica codigo de color rojo para carnes crudas. Evita contaminacion cruzada conforme norma de higiene alimentaria. Calidad seleccionada grado restaurantero premium.
utensilios-0115,utensilios,Colador Chino de Acero Malla Fina 24cm Seleccion Especial,Rubbermaid,pieza,1.0,725.0,69,Colador conico tipo chino de acero inoxidable con mango 24cm. Tamiz para colar caldos fondos sopas y salsas tersas aterciopeladas. Calidad seleccionada grado restaurantero premium.
utensilios-0116,utensilios,Batidor Globo de Varillas Gruesas 35cm Seleccion Especial,Reynolds,pieza,1.0,175.0,76,Batidor manual de alambre de acero inoxidable frances 35cm. Batidor para montar cremas mezclar vinagretas y batir salsas. Calidad seleccionada grado restaurantero premium.
utensilios-0117,utensilios,Cucharon para Caldo de Acero 240ml 8oz Seleccion Especial,Vollrath,pieza,1.0,137.5,18,Cucharon dosificador de una sola pieza de acero inoxidable capacidad 8 onzas. Cucharon sopero para servir porciones exactas de pozole. Calidad seleccionada grado restaurantero premium.
utensilios-0118,utensilios,Pelador de Papas Industrial Ergonomico Seleccion Especial,Tramontina,pieza,1.0,231.25,25,Pelador en y de navaja basculante de acero inoxidable mango de goma. Pela papas zanahorias y fruta a alta velocidad. Calidad seleccionada grado restaurantero premium.
utensilios-0119,utensilios,Mandolina Profesional Japonesa con Cuchillas Seleccion Especial,Reyma,pieza,1.0,1687.5,32,Mandolina manual regulable de alta precision con navajas juliana. Cortadora para rebanar cebolla fina papas chip y pepino. Calidad seleccionada grado restaurantero premium.
utensilios-0120,utensilios,Bascula Digital Gramera Porcionadora 10kg Seleccion Especial,Winco,pieza,1.0,2875.0,39,Bascula electronica digital para cocina capacidad 10kg precision 1g. Bascula para costeo control de mermas y porcionar proteina. Calidad seleccionada grado restaurantero premium.
utensilios-0121,utensilios,Termometro Digital de Lectura Instantanea Cocina Seleccion Especial,Rubbermaid,pieza,1.0,450.0,46,Termometro de sonda plegable para carne y freidora lectura en 3 segundos. Medidor de temperatura interna para termino de carne. Calidad seleccionada grado restaurantero premium.
utensilios-0122,utensilios,Soplete de Gas Butano de Reposteria y Cocina Seleccion Especial,Reynolds,pieza,1.0,737.5,53,Soplete antorcha portatil con llama regulable acoplable a lata de gas. Quemador para flamear carnes dorar queso y creme brulee. Calidad seleccionada grado restaurantero premium.
utensilios-0123,utensilios,Charola de Aluminio para Hornear Panadera 65x45cm Seleccion Especial,Vollrath,pieza,1.0,400.0,60,Charola panadera media hoja de aluminio calibre pesado con borde reforzado. Bandeja para hornear galletas panes o asar verduras. Calidad seleccionada grado restaurantero premium.
utensilios-0124,utensilios,Dispensador Dosificador de Salsa Squeeze 750ml Pack 6 Seleccion Especial,Tramontina,caja,6.0,237.5,67,Botes pachiche mamila squeezebottle de plastico flexible paquete 6 piezas. Mamila para salsa catsup mostaza mayonesa o aderezos. Calidad seleccionada grado restaurantero premium.
utensilios-0125,utensilios,Fibra Verde Abrasiva para Lavado de Ollas Caja 24 Seleccion Especial,Reyma,caja,24.0,275.0,74,Esponjas fibras verdes abrasivas para tallar cochambre y sartenes caja 24. Utensilio de limpieza pesada para area de cochambre. Calidad seleccionada grado restaurantero premium.
utensilios-0126,utensilios,Detergente Liquido Concentrado Desengrasante 20L Seleccion Especial,Winco,pieza,20.0,900.0,16,Jabon lavatrastes liquido con potente desengrasante bidon de 20 litros. Detergente concentrado para lavado de vajilla y loza. Calidad seleccionada grado restaurantero premium.
utensilios-0127,utensilios,Charola Termica Desechable con Tapa Paquete 100 Seleccion Especial,Rubbermaid,caja,100.0,350.0,23,Contenedor desechable tipo almeja de unicel para comida corrida 100 pzas. Domo termico para comida para llevar y servicio a domicilio. Calidad seleccionada grado restaurantero premium.
utensilios-0128,utensilios,Vaso Desechable Cristal para Bebida Fria 16oz Caja 1000 Seleccion Especial,Reynolds,caja,1000.0,1112.5,30,Vasos de plastico transparente pet de 16 onzas caja con 1000 piezas. Vaso desechable para frappé refresco agua fresca y michelada. Calidad seleccionada grado restaurantero premium.
utensilios-0129,utensilios,Espatula Parrillera de Acero Inoxidable 20cm Empaque Economico,Vollrath,pieza,1.0,140.25,37,Espatula parrillera de acero mango de madera remachado 20cm. Pala para aplastar hamburguesas smasheadas y voltear en plancha. Version economica competitiva para optimizacion de costos.
utensilios-0130,utensilios,Cuchillo de Chef Profesional 8 Pulgadas Empaque Economico,Tramontina,pieza,1.0,663.0,44,Cuchillo cebollero santoku suizo hoja de 20cm mango fibrox. Cuchillo filoso multiusos para picar carne verdura y mise en place. Version economica competitiva para optimizacion de costos.
utensilios-0131,utensilios,Cuchillo Deshuesador Curvo 6 Pulgadas Empaque Economico,Reyma,pieza,1.0,501.5,51,Cuchillo deshuesador flexible de acero inoxidable 15cm. Hoja curva para filetear carne retirar grasa y separar hueso. Version economica competitiva para optimizacion de costos.
utensilios-0132,utensilios,Pinzas de Cocina de Acero Inoxidable 40cm Empaque Economico,Winco,pieza,1.0,102.0,58,Tenazas pinzas largas de acero con resorte para parrillero 40cm. Pinzas para mover carbón voltear cortes y servicio en bufet. Version economica competitiva para optimizacion de costos.
utensilios-0133,utensilios,Sarten de Aluminio con Antiadherente 30cm Empaque Economico,Rubbermaid,pieza,1.0,382.5,65,Sarten uso rudo industrial con teflon reforzado 30cm. Sarten antiadherente para huevos omelettes y sellado rapido sin pegar. Version economica competitiva para optimizacion de costos.
utensilios-0134,utensilios,Sarten de Hierro Fundido Curado 26cm Empaque Economico,Reynolds,pieza,1.0,578.0,72,Sarten pesado de hierro fundido pre-curado 26cm. Comal para asar al horno retener calor y servir cortes calientes. Version economica competitiva para optimizacion de costos.
utensilios-0135,utensilios,Olla Vaporera de Aluminio Grueso 40L Empaque Economico,Vollrath,pieza,1.0,977.5,79,Olla vaporera de aluminio reforzado con rejilla tamalera 40 litros. Bote vaporero para tamales pozole y caldos grandes. Version economica competitiva para optimizacion de costos.
utensilios-0136,utensilios,Comal Redondo de Acero al Carbon 50cm Empaque Economico,Tramontina,pieza,1.0,323.0,1,Comal de lamina de acero para calentar tortillas y garnachas 50cm. Comal taquero redondo para taqueria y antojitos mexicanos. Version economica competitiva para optimizacion de costos.
utensilios-0137,utensilios,Papel Aluminio Grado Restaurantero Rollo 400m Empaque Economico,Reyma,caja,1.0,578.0,28,Papel aluminio institucional extra ancho rollo con 400 metros con cortador. Papel para envolver comida hornear y cubrir charolas. Version economica competitiva para optimizacion de costos.
utensilios-0138,utensilios,Papel Film Plastico Adherente Rollo 600m Empaque Economico,Winco,caja,1.0,459.0,35,Pelicula plastica estirable transparente grado alimenticio 600m. Plastico egapack para conservar recipientes y cubrir en refrigerador. Version economica competitiva para optimizacion de costos.
utensilios-0139,utensilios,Guantes de Nitrilo Negro Uso Rudo Caja 100 Empaque Economico,Rubbermaid,caja,100.0,204.0,42,Guantes desechables de nitrilo negro sin polvo caja con 100 piezas. Guantes para manipulacion higienica de alimentos y parrilladas. Version economica competitiva para optimizacion de costos.
utensilios-0140,utensilios,Servilletas Interdobladas Despachador Caja 4000 Empaque Economico,Reynolds,caja,4000.0,442.0,49,Servilleta interdoblada blanca para despachador de mesa caja 4000 hojas. Servilletas de papel para taquerias y restaurantes. Version economica competitiva para optimizacion de costos.
utensilios-0141,utensilios,Bolsa para Basura Negra Jumbo Calibre 200 Paquete 50 Empaque Economico,Vollrath,caja,50.0,246.5,56,Bolsas de plastico negro para basura jumbo 90x120cm calibre pesado 50 pzas. Bolsas resistentes para botes de cocina y desperdicio. Version economica competitiva para optimizacion de costos.
utensilios-0142,utensilios,Contenedor Plastico Cambro Policarbonato 12L Empaque Economico,Tramontina,pieza,12.0,408.0,63,Inserto cuadrado transparente de policarbonato graduado 12 litros. Bote para mise en place fermentar masa y almacenar insumos. Version economica competitiva para optimizacion de costos.
utensilios-0143,utensilios,Tapa Hermetica para Contenedor Cambro Empaque Economico,Reyma,pieza,1.0,136.0,70,Tapa de presion hermetica para inserto cuadrado cambro. Sello antiderrame para evitar contaminacion cruzada en camara fria. Version economica competitiva para optimizacion de costos.
utensilios-0144,utensilios,Inserto Sexto de Acero Inoxidable Mesa Fria Empaque Economico,Winco,pieza,1.0,165.75,77,Inserto un sexto de acero inoxidable 15cm profundidad. Bandeja para barra de ensaladas salsas de mesa y linea de sandwich. Version economica competitiva para optimizacion de costos.
utensilios-0145,utensilios,Tabla para Picar Polietileno Blanco 60x40cm Empaque Economico,Rubbermaid,pieza,1.0,391.0,19,Tabla de corte plastica grado sanitario blanca 60x40cm grosor 2cm. Tabla higienica que cuida el filo de cuchillos de cocina. Version economica competitiva para optimizacion de costos.
utensilios-0146,utensilios,Tabla para Picar Roja para Carnes Rojas 60x40cm Empaque Economico,Reynolds,pieza,1.0,391.0,26,Tabla de picar plastica codigo de color rojo para carnes crudas. Evita contaminacion cruzada conforme norma de higiene alimentaria. Version economica competitiva para optimizacion de costos.
utensilios-0147,utensilios,Colador Chino de Acero Malla Fina 24cm Empaque Economico,Vollrath,pieza,1.0,493.0,33,Colador conico tipo chino de acero inoxidable con mango 24cm. Tamiz para colar caldos fondos sopas y salsas tersas aterciopeladas. Version economica competitiva para optimizacion de costos.
utensilios-0148,utensilios,Batidor Globo de Varillas Gruesas 35cm Empaque Economico,Tramontina,pieza,1.0,119.0,40,Batidor manual de alambre de acero inoxidable frances 35cm. Batidor para montar cremas mezclar vinagretas y batir salsas. Version economica competitiva para optimizacion de costos.
utensilios-0149,utensilios,Cucharon para Caldo de Acero 240ml 8oz Empaque Economico,Reyma,pieza,1.0,93.5,47,Cucharon dosificador de una sola pieza de acero inoxidable capacidad 8 onzas. Cucharon sopero para servir porciones exactas de pozole. Version economica competitiva para optimizacion de costos.
utensilios-0150,utensilios,Pelador de Papas Industrial Ergonomico Empaque Economico,Winco,pieza,1.0,157.25,54,Pelador en y de navaja basculante de acero inoxidable mango de goma. Pela papas zanahorias y fruta a alta velocidad. Version economica competitiva para optimizacion de costos.
utensilios-0151,utensilios,Mandolina Profesional Japonesa con Cuchillas Empaque Economico,Rubbermaid,pieza,1.0,1147.5,61,Mandolina manual regulable de alta precision con navajas juliana. Cortadora para rebanar cebolla fina papas chip y pepino. Version economica competitiva para optimizacion de costos.
utensilios-0152,utensilios,Bascula Digital Gramera Porcionadora 10kg Empaque Economico,Reynolds,pieza,1.0,1955.0,68,Bascula electronica digital para cocina capacidad 10kg precision 1g. Bascula para costeo control de mermas y porcionar proteina. Version economica competitiva para optimizacion de costos.
utensilios-0153,utensilios,Termometro Digital de Lectura Instantanea Cocina Empaque Economico,Vollrath,pieza,1.0,306.0,75,Termometro de sonda plegable para carne y freidora lectura en 3 segundos. Medidor de temperatura interna para termino de carne. Version economica competitiva para optimizacion de costos.
utensilios-0154,utensilios,Soplete de Gas Butano de Reposteria y Cocina Empaque Economico,Tramontina,pieza,1.0,501.5,17,Soplete antorcha portatil con llama regulable acoplable a lata de gas. Quemador para flamear carnes dorar queso y creme brulee. Version economica competitiva para optimizacion de costos.
utensilios-0155,utensilios,Charola de Aluminio para Hornear Panadera 65x45cm Empaque Economico,Reyma,pieza,1.0,272.0,24,Charola panadera media hoja de aluminio calibre pesado con borde reforzado. Bandeja para hornear galletas panes o asar verduras. Version economica competitiva para optimizacion de costos.
utensilios-0156,utensilios,Dispensador Dosificador de Salsa Squeeze 750ml Pack 6 Empaque Economico,Winco,caja,6.0,161.5,31,Botes pachiche mamila squeezebottle de plastico flexible paquete 6 piezas. Mamila para salsa catsup mostaza mayonesa o aderezos. Version economica competitiva para optimizacion de costos.
utensilios-0157,utensilios,Fibra Verde Abrasiva para Lavado de Ollas Caja 24 Empaque Economico,Rubbermaid,caja,24.0,187.0,38,Esponjas fibras verdes abrasivas para tallar cochambre y sartenes caja 24. Utensilio de limpieza pesada para area de cochambre. Version economica competitiva para optimizacion de costos.
utensilios-0158,utensilios,Detergente Liquido Concentrado Desengrasante 20L Empaque Economico,Reynolds,pieza,20.0,612.0,45,Jabon lavatrastes liquido con potente desengrasante bidon de 20 litros. Detergente concentrado para lavado de vajilla y loza. Version economica competitiva para optimizacion de costos.
utensilios-0159,utensilios,Charola Termica Desechable con Tapa Paquete 100 Empaque Economico,Vollrath,caja,100.0,238.0,52,Contenedor desechable tipo almeja de unicel para comida corrida 100 pzas. Domo termico para comida para llevar y servicio a domicilio. Version economica competitiva para optimizacion de costos.
utensilios-0160,utensilios,Vaso Desechable Cristal para Bebida Fria 16oz Caja 1000 Empaque Economico,Tramontina,caja,1000.0,756.5,59,Vasos de plastico transparente pet de 16 onzas caja con 1000 piezas. Vaso desechable para frappé refresco agua fresca y michelada. Version economica competitiva para optimizacion de costos.
